,Date,City,PM2.5,PM10,NO,NO2,NOx,NH3,CO,SO2,O3,Benzene,Toluene,Xylene,AQI,AQI_Bucket
0,2015-01-01,Delhi,313.22,607.98,69.16,36.39,110.59,33.85,15.2,9.25,41.68,14.36,24.86,9.84,472.0,Severe
1,2015-01-02,Delhi,186.18,269.55,62.09,32.87,88.14,31.83,9.54,6.65,29.97,10.55,20.09,4.29,454.0,Severe
2,2015-01-03,Delhi,87.18,131.9,25.73,30.31,47.95,69.55,10.61,2.65,19.71,3.91,10.23,1.99,143.0,Moderate
3,2015-01-04,Delhi,151.84,241.84,25.01,36.91,48.62,130.36,11.54,4.63,25.36,4.26,9.71,3.34,319.0,Very Poor
4,2015-01-05,Delhi,146.6,219.13,14.01,34.92,38.25,122.88,9.2,3.33,23.2,2.8,6.21,2.96,325.0,Very Poor
5,2015-01-06,Delhi,149.58,252.1,17.21,37.84,42.46,134.97,9.44,3.66,26.83,3.63,7.35,3.47,318.0,Very Poor
6,2015-01-07,Delhi,217.87,376.51,26.99,40.15,52.41,134.82,9.78,5.82,28.96,4.93,9.42,5.21,353.0,Very Poor
7,2015-01-08,Delhi,229.9,360.95,23.34,43.16,51.21,138.13,11.01,3.31,30.51,5.8,11.4,4.83,383.0,Very Poor
8,2015-01-09,Delhi,201.66,397.43,19.18,38.56,45.6,140.6,11.09,3.48,32.94,5.25,11.12,5.26,375.0,Very Poor
9,2015-01-10,Delhi,221.02,361.74,24.79,46.39,55.19,134.06,9.7,5.91,34.12,4.87,9.44,4.76,376.0,Very Poor
10,2015-01-11,Delhi,205.41,393.2,28.46,47.29,57.88,131.1,10.98,5.54,50.37,5.93,10.59,5.36,379.0,Very Poor
11,2015-01-12,Delhi,212.41,345.63,24.77,44.71,54.66,148.51,9.3,5.17,40.08,6.2,10.68,4.59,375.0,Very Poor
12,2015-01-13,Delhi,197.61,301.04,34.28,45.88,62.95,145.48,11.52,5.95,39.54,5.18,9.5,4.17,366.0,Very Poor
13,2015-01-14,Delhi,164.39,227.38,20.78,41.17,48.09,166.7,10.32,4.85,42.05,4.57,10.72,3.06,353.0,Very Poor
14,2015-01-15,Delhi,166.19,283.93,47.91,56.7,79.73,124.64,10.81,6.94,43.25,6.98,20.55,3.08,340.0,Very Poor
15,2015-01-16,Delhi,174.98,309.99,42.33,49.41,70.6,136.4,11.46,4.69,34.7,7.75,15.83,3.75,356.0,Very Poor
16,2015-01-17,Delhi,196.46,356.2,42.18,53.04,80.18,125.49,8.87,5.13,25.77,9.92,17.59,3.36,360.0,Very Poor
17,2015-01-18,Delhi,201.51,359.75,45.51,53.77,75.83,120.45,8.99,5.43,23.22,9.0,20.95,4.03,370.0,Very Poor
18,2015-01-19,Delhi,183.35,305.13,27.32,39.88,55.67,148.49,9.02,4.21,25.34,5.57,12.93,3.62,362.0,Very Poor
19,2015-01-20,Delhi,165.63,257.04,16.47,34.23,37.68,146.31,8.03,4.11,22.69,3.42,6.76,3.28,340.0,Very Poor
20,2015-01-21,Delhi,159.54,235.27,12.27,22.56,33.02,63.23,9.01,7.05,18.56,4.1,8.26,2.72,338.0,Very Poor
21,2015-01-22,Delhi,143.68,183.89,14.75,21.82,34.88,39.65,10.58,8.64,6.94,4.15,9.54,2.78,332.0,Very Poor
22,2015-01-23,Delhi,128.73,136.07,11.99,17.35,29.46,39.98,8.74,6.77,10.91,2.51,7.64,2.49,254.0,Poor
23,2015-01-24,Delhi,164.98,200.02,10.38,15.77,25.49,38.77,9.39,8.89,9.35,2.6,5.5,2.94,324.0,Very Poor
24,2015-01-25,Delhi,148.59,203.81,11.82,20.83,28.29,45.62,11.44,5.96,16.65,3.37,6.98,2.94,333.0,Very Poor
25,2015-01-26,Delhi,129.34,137.86,12.46,25.66,29.48,60.96,10.19,6.78,18.18,3.0,5.87,2.51,292.0,Poor
26,2015-01-27,Delhi,154.2,217.2,14.41,30.39,34.63,40.96,10.36,6.42,17.11,3.31,6.31,3.07,318.0,Very Poor
27,2015-01-28,Delhi,134.6,156.9,18.96,28.6,35.57,49.71,10.21,5.21,15.23,3.27,6.86,2.63,295.0,Poor
28,2015-01-29,Delhi,173.13,277.0,23.14,38.34,48.89,62.03,11.74,5.53,16.29,4.02,9.84,3.42,327.0,Very Poor
29,2015-01-30,Delhi,178.04,272.61,19.8,38.43,44.45,69.78,11.58,6.43,14.91,3.65,6.61,3.35,345.0,Very Poor
30,2015-01-31,Delhi,158.59,207.06,30.67,41.36,57.77,67.66,8.7,5.03,17.51,4.36,8.98,2.54,334.0,Very Poor
31,2015-02-01,Delhi,211.59,371.05,57.56,58.17,93.17,96.69,13.08,9.9,23.28,6.65,15.45,3.36,358.0,Very Poor
32,2015-02-02,Delhi,163.64,219.84,13.7,37.25,39.34,84.49,10.59,5.31,28.38,2.53,4.69,2.58,349.0,Very Poor
33,2015-02-03,Delhi,157.71,194.09,12.28,31.05,34.1,66.38,8.21,5.64,28.56,2.13,4.24,1.12,334.0,Very Poor
34,2015-02-04,Delhi,137.26,147.08,15.21,29.69,36.06,53.28,9.11,5.06,15.07,3.04,6.31,2.79,313.0,Very Poor
35,2015-02-05,Delhi,131.76,127.42,23.15,36.51,47.4,51.24,8.18,4.85,21.7,4.92,10.17,3.33,262.0,Poor
36,2015-02-06,Delhi,151.6,330.99,46.66,67.0,84.76,63.45,5.51,9.13,33.92,9.46,19.7,9.77,303.0,Very Poor
37,2015-02-07,Delhi,160.75,210.52,37.54,57.69,71.68,58.15,10.28,6.91,43.44,5.5,14.95,6.68,329.0,Very Poor
38,2015-02-08,Delhi,145.34,215.69,30.54,50.39,61.78,66.72,5.39,8.66,30.43,2.42,6.5,0.57,323.0,Very Poor
39,2015-02-09,Delhi,134.67,109.86,19.95,39.18,44.48,74.29,5.11,9.7,20.62,2.59,3.17,1.24,266.0,Poor
40,2015-02-10,Delhi,153.07,218.23,23.41,42.2,48.01,79.54,10.88,5.81,19.02,5.58,7.1,7.93,319.0,Very Poor
41,2015-02-11,Delhi,116.91,316.14,33.79,53.63,64.04,95.13,12.64,7.54,27.17,5.96,5.59,10.72,334.0,Very Poor
42,2015-02-12,Delhi,177.98,394.97,30.48,42.73,58.19,69.47,13.75,9.2,25.58,3.5,7.38,10.65,342.0,Very Poor
43,2015-02-13,Delhi,167.01,328.43,32.23,44.61,55.13,83.96,11.26,7.77,27.62,3.53,7.69,11.45,341.0,Very Poor
44,2015-02-14,Delhi,193.96,412.46,81.47,53.81,107.76,137.27,11.73,9.36,34.22,9.01,17.88,14.17,377.0,Very Poor
45,2015-02-15,Delhi,184.06,497.37,44.16,58.15,75.98,61.89,13.78,9.13,40.91,4.79,8.98,12.44,391.0,Very Poor
46,2015-02-16,Delhi,152.62,310.74,24.32,44.22,49.67,74.74,11.55,6.79,34.36,2.84,5.37,3.49,358.0,Very Poor
47,2015-02-17,Delhi,161.27,195.78,23.71,25.4,42.76,75.66,10.3,5.6,41.62,3.04,5.62,3.78,327.0,Very Poor
48,2015-02-18,Delhi,188.2,253.53,69.2,60.29,104.31,79.83,16.23,8.65,36.54,8.34,16.27,4.38,365.0,Very Poor
49,2015-02-19,Delhi,159.97,193.78,24.53,40.51,47.8,81.44,13.11,5.08,31.88,3.11,6.12,3.49,352.0,Very Poor
50,2015-02-20,Delhi,144.12,162.2,18.1,34.71,40.32,81.04,11.45,5.93,31.61,2.35,6.76,4.07,317.0,Very Poor
51,2015-02-21,Delhi,155.38,191.03,35.51,45.11,57.91,69.59,14.21,12.24,30.11,4.69,16.48,9.41,320.0,Very Poor
52,2015-02-22,Delhi,124.1,107.61,15.38,31.83,32.15,70.25,9.73,5.68,27.19,0.88,3.13,1.44,279.0,Poor
53,2015-02-23,Delhi,141.39,157.01,21.95,38.23,42.71,36.38,9.29,9.43,36.86,2.02,11.23,10.87,281.0,Poor
54,2015-02-24,Delhi,170.16,238.33,36.04,48.4,60.78,34.14,14.17,9.28,37.39,4.28,22.47,17.65,354.0,Very Poor
55,2015-02-25,Delhi,148.19,169.57,14.79,29.28,34.14,34.91,14.13,5.94,31.57,2.06,6.92,1.75,340.0,Very Poor
56,2015-02-26,Delhi,140.78,171.64,11.34,20.95,26.65,23.22,13.61,6.98,28.72,1.81,6.96,3.64,323.0,Very Poor
57,2015-02-27,Delhi,130.42,163.67,13.85,24.75,31.46,22.36,12.78,12.12,34.08,2.14,8.56,4.34,315.0,Very Poor
58,2015-02-28,Delhi,105.86,169.28,9.21,20.65,25.3,16.49,11.8,12.48,41.38,1.97,7.83,1.25,310.0,Very Poor
59,2015-03-01,Delhi,71.83,98.89,8.49,21.42,19.55,12.44,11.62,10.99,22.51,1.38,4.63,2.6,324.0,Very Poor
60,2015-03-02,Delhi,53.71,60.15,11.02,13.43,20.48,19.11,10.19,3.21,22.08,0.91,3.45,0.69,226.0,Poor
61,2015-03-03,Delhi,83.49,112.1,16.23,23.75,30.88,16.04,11.72,5.07,20.83,2.13,8.11,2.41,266.0,Poor
62,2015-03-04,Delhi,91.07,139.15,13.71,24.28,28.73,17.44,10.64,4.68,25.83,1.6,8.05,6.62,200.0,Moderate
63,2015-03-05,Delhi,106.57,196.19,25.97,31.12,45.48,28.86,9.36,5.97,32.88,3.27,15.12,10.65,275.0,Poor
64,2015-03-06,Delhi,101.75,163.14,20.56,26.59,34.17,32.04,10.55,5.96,33.67,2.45,9.31,7.14,322.0,Very Poor
65,2015-03-07,Delhi,77.57,90.54,12.07,19.15,24.66,16.83,9.48,5.18,23.09,1.68,6.31,1.25,216.0,Poor
66,2015-03-08,Delhi,63.24,80.2,13.52,20.35,27.44,16.12,8.19,3.98,20.71,1.69,6.09,1.35,108.0,Moderate
67,2015-03-09,Delhi,76.62,117.38,10.49,18.21,22.84,15.2,9.02,4.2,22.85,1.12,4.32,1.97,197.0,Moderate
68,2015-03-10,Delhi,86.7,150.92,11.44,18.82,25.78,18.88,7.98,3.84,25.87,1.51,5.62,4.8,238.0,Poor
69,2015-03-11,Delhi,104.29,176.2,14.94,25.63,32.66,29.48,10.76,6.3,29.62,2.32,7.74,1.91,274.0,Poor
70,2015-03-12,Delhi,115.93,203.75,18.48,32.29,37.84,30.72,11.3,7.03,35.05,2.9,12.42,15.16,315.0,Very Poor
71,2015-03-13,Delhi,108.66,173.89,15.61,30.75,37.02,23.31,10.23,10.65,34.05,3.41,14.88,9.81,307.0,Very Poor
72,2015-03-14,Delhi,67.94,105.29,14.3,29.78,32.1,29.21,9.18,10.14,23.39,2.42,9.14,0.8,208.0,Poor
73,2015-03-15,Delhi,38.89,46.68,9.49,17.76,21.45,30.59,8.23,4.25,22.0,1.03,4.45,1.38,165.0,Moderate
74,2015-03-16,Delhi,45.39,74.14,10.2,17.14,22.27,33.16,7.87,8.8,25.55,1.05,4.83,0.74,188.0,Moderate
75,2015-03-17,Delhi,55.55,104.33,12.18,20.96,25.28,39.8,10.45,7.19,23.11,1.55,6.39,4.07,217.0,Poor
76,2015-03-18,Delhi,50.59,95.56,9.32,16.6,21.74,39.16,7.83,3.6,27.5,1.11,4.42,3.67,191.0,Moderate
77,2015-03-19,Delhi,69.51,136.67,14.05,23.77,30.29,36.77,7.89,4.97,27.07,3.23,8.67,7.55,240.0,Poor
78,2015-03-20,Delhi,96.62,168.0,19.15,29.04,37.12,35.07,9.59,6.66,29.01,5.67,17.61,22.01,229.0,Poor
79,2015-03-21,Delhi,96.28,172.91,20.18,29.21,37.78,32.01,8.82,7.31,25.97,7.79,16.65,17.47,248.0,Poor
80,2015-03-22,Delhi,72.2,122.12,9.39,20.27,23.15,32.52,8.5,4.4,25.48,2.67,6.07,5.96,204.0,Poor
81,2015-03-23,Delhi,78.47,131.42,12.57,23.04,28.5,32.13,8.6,4.07,27.1,5.45,13.55,10.98,271.0,Poor
82,2015-03-24,Delhi,91.87,179.36,21.3,30.01,40.31,31.79,10.1,7.35,34.78,9.72,16.21,15.64,290.0,Poor
83,2015-03-25,Delhi,107.26,201.08,21.52,33.82,42.98,27.92,11.69,11.82,45.78,4.93,11.03,9.98,340.0,Very Poor
84,2015-03-26,Delhi,109.78,217.9,24.1,33.02,44.26,28.0,12.67,9.3,40.0,6.64,10.31,2.53,358.0,Very Poor
85,2015-03-27,Delhi,62.27,117.81,12.01,24.76,27.71,27.34,9.29,10.91,31.08,4.14,4.26,2.0,287.0,Poor
86,2015-03-28,Delhi,102.22,212.96,22.14,29.41,40.44,32.82,10.47,17.16,40.23,3.87,9.33,2.54,323.0,Very Poor
87,2015-03-29,Delhi,104.36,202.01,23.55,33.86,43.2,37.35,14.42,16.92,32.84,3.96,9.87,2.51,360.0,Very Poor
88,2015-03-30,Delhi,44.19,57.0,7.11,17.6,19.91,28.77,9.58,7.75,26.81,1.45,3.4,1.53,268.0,Poor
89,2015-03-31,Delhi,55.66,78.64,10.22,20.13,26.74,30.62,9.56,9.34,34.15,2.01,4.89,1.8,283.0,Poor
90,2015-04-01,Delhi,112.86,167.6,24.6,32.71,45.12,36.05,10.15,19.48,38.45,4.04,9.07,2.42,309.0,Very Poor
91,2015-04-02,Delhi,78.51,112.78,9.82,20.54,27.51,31.04,6.72,14.37,35.54,2.17,4.2,2.32,249.0,Poor
92,2015-04-03,Delhi,66.52,76.05,11.21,18.47,27.79,35.48,8.24,10.62,24.85,2.32,5.02,3.05,245.0,Poor
93,2015-04-04,Delhi,62.56,86.11,10.66,24.96,30.36,28.46,5.52,12.94,27.98,2.39,6.04,2.45,229.0,Poor
94,2015-04-05,Delhi,78.61,145.1,13.0,27.75,39.45,32.3,7.97,16.72,40.79,3.3,8.08,2.19,234.0,Poor
95,2015-04-06,Delhi,119.7,195.47,34.3,32.83,59.96,44.66,11.01,16.63,30.32,5.7,14.32,2.64,343.0,Very Poor
96,2015-04-07,Delhi,66.09,95.81,7.57,24.47,30.04,29.78,7.29,8.34,43.23,1.89,4.65,1.89,262.0,Poor
97,2015-04-08,Delhi,95.34,120.2,11.64,34.72,37.7,24.84,9.28,17.99,61.68,2.72,7.17,2.06,308.0,Very Poor
98,2015-04-09,Delhi,63.57,148.17,11.33,35.15,41.13,30.04,6.57,10.48,35.18,2.45,6.82,2.1,293.0,Poor
99,2015-04-10,Delhi,96.56,203.67,17.46,52.77,62.06,30.32,4.63,15.8,59.88,3.47,9.68,2.29,290.0,Poor
100,2015-04-11,Delhi,131.39,234.65,22.86,59.52,72.68,34.01,5.84,21.5,73.72,4.56,14.16,2.57,375.0,Very Poor
101,2015-04-12,Delhi,75.35,91.73,9.63,45.3,40.75,28.79,7.73,13.08,49.21,1.98,6.71,1.85,293.0,Poor
102,2015-04-13,Delhi,86.49,116.62,14.18,50.3,56.07,38.86,3.67,14.99,62.52,2.5,8.84,2.06,247.0,Poor
103,2015-04-14,Delhi,77.07,132.68,13.41,42.65,50.06,36.68,6.85,14.04,55.44,2.13,7.25,2.0,232.0,Poor
104,2015-04-15,Delhi,98.79,161.43,18.39,47.41,45.1,34.8,11.65,13.75,31.14,2.4,7.07,2.16,316.0,Very Poor
105,2015-04-16,Delhi,81.81,164.56,18.2,44.06,58.92,37.84,5.94,21.44,59.29,2.64,10.67,2.37,295.0,Poor
106,2015-04-17,Delhi,65.78,180.67,18.75,40.09,55.98,30.04,7.38,14.34,54.47,3.23,10.23,3.16,246.0,Poor
107,2015-04-18,Delhi,119.82,268.65,26.27,51.11,66.92,28.99,8.21,17.21,65.72,4.32,13.89,4.52,378.0,Very Poor
108,2015-04-19,Delhi,125.53,308.82,32.69,64.73,87.58,34.39,8.84,18.02,65.08,4.88,17.48,4.88,406.0,Severe
109,2015-04-20,Delhi,121.51,336.63,18.14,60.41,68.41,33.63,6.75,20.98,87.04,3.08,10.2,4.6,392.0,Very Poor
110,2015-04-21,Delhi,114.5,327.81,23.52,50.7,63.45,30.3,6.84,19.38,74.49,4.22,13.04,4.27,391.0,Very Poor
111,2015-04-22,Delhi,101.83,279.41,26.26,55.27,72.67,24.36,7.36,19.29,69.41,4.74,14.52,3.72,368.0,Very Poor
112,2015-04-23,Delhi,118.57,273.68,33.93,76.46,96.19,29.32,6.58,21.81,76.14,5.0,18.21,4.45,365.0,Very Poor
113,2015-04-24,Delhi,143.22,313.53,42.58,88.61,108.55,36.5,6.42,26.89,89.42,5.63,22.15,4.61,383.0,Very Poor
114,2015-04-25,Delhi,106.76,318.88,22.5,58.87,71.34,37.0,6.75,17.56,93.54,3.15,12.73,3.99,367.0,Very Poor
115,2015-04-26,Delhi,65.36,160.3,13.17,31.23,38.68,32.83,8.44,12.67,77.43,1.9,6.65,2.72,334.0,Very Poor
116,2015-04-27,Delhi,67.08,174.5,13.18,35.54,44.09,32.27,4.76,11.92,70.74,1.86,6.09,2.97,258.0,Poor
117,2015-04-28,Delhi,81.37,141.25,11.98,34.88,43.91,29.46,4.67,13.97,70.42,1.66,6.08,2.79,234.0,Poor
118,2015-04-29,Delhi,63.76,131.56,12.09,42.98,51.34,29.93,7.16,13.98,61.86,1.94,7.31,2.68,257.0,Poor
119,2015-04-30,Delhi,60.56,171.42,12.0,43.9,48.72,29.08,7.33,12.85,60.18,2.03,6.47,2.71,259.0,Poor
120,2015-05-01,Delhi,76.1,192.81,13.14,42.99,52.01,26.55,7.63,13.1,53.16,2.02,9.5,2.21,279.0,Poor
121,2015-09-01,Delhi,73.78,230.34,17.83,27.42,45.7,18.96,1.28,10.45,61.33,2.15,5.67,3.27,210.0,Poor
122,2015-09-02,Delhi,97.63,318.24,31.64,29.16,66.15,18.6,1.14,10.79,72.47,2.86,6.94,4.09,298.0,Poor
123,2015-09-03,Delhi,99.5,278.36,33.04,35.31,67.05,17.86,1.17,9.82,72.94,3.85,10.55,4.02,315.0,Very Poor
124,2015-09-04,Delhi,97.31,284.54,50.0,41.7,90.18,23.02,1.36,14.94,71.5,4.88,18.75,3.97,368.0,Very Poor
125,2015-09-05,Delhi,76.43,201.89,24.24,29.5,52.24,26.99,1.38,16.93,56.59,2.89,6.72,3.55,266.0,Poor
126,2015-09-06,Delhi,61.69,168.63,17.36,27.81,41.56,23.17,1.19,16.71,49.32,2.17,5.08,3.21,174.0,Moderate
127,2015-09-07,Delhi,55.19,179.42,27.91,35.49,61.81,23.76,1.04,12.97,52.24,3.09,7.72,6.26,199.0,Moderate
128,2015-09-08,Delhi,63.79,219.51,25.93,38.36,60.12,27.35,1.07,10.92,61.95,3.4,9.09,3.45,217.0,Poor
129,2015-09-08,Hyderabad,91.82,32.94,5.41,28.93,23.37,24.94,0.48,7.98,27.04,1.01,5.74,0.68,179.0,Moderate
130,2015-09-09,Hyderabad,35.56,40.81,4.02,31.15,24.31,24.81,0.57,4.93,22.48,1.41,7.61,0.89,162.0,Moderate
131,2015-09-09,Delhi,58.48,195.05,20.38,36.2,55.36,22.77,1.02,11.57,68.21,2.97,7.63,3.1,238.0,Poor
132,2015-09-10,Hyderabad,45.64,44.89,7.06,28.96,25.58,24.8,0.73,5.29,24.69,1.25,7.84,0.85,76.0,Satisfactory
133,2015-09-10,Delhi,60.29,184.78,20.95,42.1,59.79,24.07,1.06,11.53,68.49,3.28,8.72,3.02,230.0,Poor
134,2015-09-11,Delhi,67.35,181.99,16.4,46.81,56.83,34.81,1.13,10.98,68.81,3.26,9.36,2.59,218.0,Poor
135,2015-09-11,Hyderabad,60.88,51.27,5.15,30.64,24.22,25.86,0.53,5.16,24.11,1.09,5.42,0.48,140.0,Moderate
136,2015-09-12,Hyderabad,65.61,41.31,3.4,26.03,20.37,24.78,0.57,5.44,25.47,0.83,4.39,0.22,128.0,Moderate
137,2015-09-12,Delhi,87.55,178.57,20.95,54.45,67.44,46.05,1.22,10.51,69.36,3.63,11.88,2.7,226.0,Poor
138,2015-09-13,Delhi,84.57,171.76,16.76,45.36,54.12,51.19,1.21,9.91,64.05,2.86,9.08,2.47,202.0,Poor
139,2015-09-13,Hyderabad,60.02,36.67,2.35,19.82,14.51,21.68,0.49,4.02,37.7,0.79,4.07,0.3,164.0,Moderate
140,2015-09-14,Delhi,111.58,236.34,22.48,60.71,75.63,43.99,1.51,10.43,79.29,4.26,12.72,3.01,274.0,Poor
141,2015-09-14,Hyderabad,73.21,35.28,2.82,19.94,15.4,21.4,0.57,5.96,34.11,0.52,2.44,0.09,169.0,Moderate
142,2015-09-15,Delhi,108.78,217.16,14.94,56.31,63.58,46.66,1.37,10.4,75.63,3.91,19.34,2.86,289.0,Poor
143,2015-09-15,Hyderabad,83.87,30.48,3.1,20.0,16.31,22.34,0.59,5.99,25.88,0.63,2.66,0.08,189.0,Moderate
144,2015-09-16,Delhi,91.18,190.99,8.55,46.44,42.94,49.72,1.15,9.27,69.61,2.78,9.65,2.61,235.0,Poor
145,2015-09-16,Hyderabad,56.53,37.06,2.39,18.53,13.81,20.69,0.39,4.97,31.05,0.51,2.39,0.07,142.0,Moderate
146,2015-09-17,Hyderabad,33.03,29.64,1.37,12.01,10.82,20.92,0.41,2.37,24.33,0.5,2.39,0.06,112.0,Moderate
147,2015-09-17,Delhi,104.85,250.21,23.06,60.96,73.86,48.13,1.4,11.68,85.86,4.48,13.25,3.17,285.0,Poor
148,2015-09-18,Delhi,56.19,129.11,14.26,43.3,48.2,40.48,1.22,10.85,48.8,3.03,9.92,2.43,209.0,Poor
149,2015-09-19,Delhi,67.62,125.24,19.82,49.83,58.37,47.21,1.14,9.75,51.78,3.31,12.59,2.14,132.0,Moderate
150,2015-09-20,Delhi,64.38,141.89,20.17,62.73,62.49,39.93,1.1,9.27,58.49,3.04,11.4,2.47,179.0,Moderate
151,2015-09-21,Delhi,45.65,109.7,14.64,62.69,56.18,27.96,1.16,13.55,48.02,2.71,7.95,3.01,136.0,Moderate
152,2015-09-22,Delhi,35.75,70.38,12.73,38.78,41.5,23.06,0.95,11.57,39.83,2.38,6.62,3.07,104.0,Moderate
153,2015-09-23,Delhi,34.89,101.42,16.55,31.17,43.75,18.66,0.98,12.34,37.26,2.44,6.8,3.42,95.0,Satisfactory
154,2015-09-24,Delhi,63.06,187.9,40.7,39.16,72.85,18.24,1.21,13.26,48.78,3.38,8.95,3.33,175.0,Moderate
155,2015-09-25,Delhi,82.39,222.71,53.19,45.09,89.84,22.95,1.5,11.8,53.1,4.32,12.51,3.83,290.0,Poor
156,2015-09-26,Delhi,88.08,254.8,66.49,45.96,103.63,29.98,1.63,11.17,54.87,5.04,15.68,4.04,282.0,Poor
157,2015-09-27,Delhi,89.75,252.06,53.0,44.13,92.67,30.43,1.49,9.76,68.69,5.09,14.81,3.59,298.0,Poor
158,2015-09-28,Delhi,69.57,190.18,24.23,43.41,63.74,26.35,1.25,10.38,53.82,3.63,10.87,3.38,240.0,Poor
159,2015-09-29,Delhi,68.34,172.35,22.57,48.19,64.14,25.2,1.16,10.68,54.68,3.93,10.32,3.2,188.0,Moderate
160,2015-09-30,Delhi,61.08,155.26,17.52,42.91,53.3,21.93,1.1,9.59,52.91,3.64,8.94,3.28,187.0,Moderate
161,2015-10-01,Hyderabad,120.75,92.29,1.92,21.65,15.87,27.65,0.64,2.67,15.85,1.21,5.95,1.22,340.0,Very Poor
162,2015-10-01,Delhi,85.7,205.18,33.0,54.68,74.28,22.52,1.49,11.42,60.57,4.79,12.88,3.43,230.0,Poor
163,2015-10-02,Hyderabad,29.66,76.0,2.0,25.94,16.02,20.45,0.6,3.81,17.4,1.2,5.62,1.05,125.0,Moderate
164,2015-10-02,Delhi,97.62,220.56,33.74,52.53,73.05,26.24,1.58,9.77,64.01,5.39,12.8,3.85,286.0,Poor
165,2015-10-03,Hyderabad,36.56,63.06,3.06,20.11,15.07,18.05,0.64,7.58,19.16,1.2,6.4,0.44,75.0,Satisfactory
166,2015-10-03,Delhi,103.58,293.23,31.0,54.93,75.48,24.31,1.72,11.41,47.52,5.83,15.27,3.42,266.0,Poor
167,2015-10-04,Hyderabad,42.69,59.29,3.02,17.81,13.74,14.41,1.22,5.41,21.98,1.35,6.71,1.21,85.0,Satisfactory
168,2015-10-04,Delhi,145.97,335.82,62.2,62.84,99.01,34.91,2.26,15.08,44.92,8.8,31.87,3.87,369.0,Very Poor
169,2015-10-05,Hyderabad,75.04,81.99,2.27,16.05,12.57,15.02,0.93,6.88,33.52,1.36,7.22,1.04,113.0,Moderate
170,2015-10-05,Delhi,180.52,347.95,80.34,75.42,116.95,36.94,3.15,17.32,45.8,10.88,44.0,3.92,375.0,Very Poor
171,2015-10-06,Hyderabad,136.45,108.82,6.29,11.76,16.37,8.62,0.66,7.34,32.21,1.66,12.17,2.69,231.0,Poor
172,2015-10-06,Delhi,151.57,355.56,71.68,65.07,105.02,41.76,2.19,11.35,42.22,8.42,25.57,3.79,411.0,Severe
173,2015-10-07,Delhi,144.04,305.35,25.78,57.05,78.07,37.01,1.73,11.15,49.32,4.97,12.91,3.37,383.0,Very Poor
174,2015-10-07,Hyderabad,150.93,110.33,6.76,6.52,12.53,7.44,0.8,11.05,35.73,1.61,12.13,1.91,246.0,Poor
175,2015-10-08,Delhi,148.44,291.66,35.13,58.32,80.91,29.59,1.96,12.13,66.62,5.52,14.13,3.36,388.0,Very Poor
176,2015-10-08,Hyderabad,116.24,110.09,7.72,7.43,14.66,11.73,0.71,10.16,35.25,1.4,9.4,0.56,244.0,Poor
177,2015-10-09,Delhi,130.22,284.27,56.83,65.15,105.26,27.47,2.5,15.27,63.16,6.66,23.59,3.36,351.0,Very Poor
178,2015-10-09,Hyderabad,137.28,93.47,7.99,7.93,15.71,7.42,1.03,8.39,36.15,1.63,8.02,0.22,316.0,Very Poor
179,2015-10-10,Hyderabad,69.24,81.48,1.28,2.3,3.01,7.43,1.09,6.55,33.97,1.01,6.45,0.23,219.0,Poor
180,2015-10-10,Delhi,147.71,287.93,100.27,61.29,117.2,29.69,2.48,13.94,58.24,8.33,33.78,3.64,320.0,Very Poor
181,2015-10-11,Hyderabad,45.98,62.98,1.6,2.28,3.32,7.42,0.97,5.24,37.06,1.22,6.06,0.47,117.0,Moderate
182,2015-10-11,Delhi,111.34,246.3,87.94,51.83,116.75,30.83,2.02,12.01,62.02,6.34,27.16,3.05,296.0,Poor
183,2015-10-12,Hyderabad,106.66,94.07,3.2,2.56,5.18,7.44,1.43,7.46,32.81,1.93,12.58,2.92,182.0,Moderate
184,2015-10-12,Delhi,100.7,232.58,74.45,52.92,120.68,33.46,1.98,14.75,65.55,6.67,23.22,2.46,312.0,Very Poor
185,2015-10-13,Hyderabad,58.05,109.03,3.31,3.46,5.84,7.43,1.35,10.15,31.12,1.98,14.94,1.89,125.0,Moderate
186,2015-10-13,Delhi,97.67,189.31,25.13,48.92,64.57,35.14,1.89,11.84,73.28,4.2,16.19,2.24,260.0,Poor
187,2015-10-14,Hyderabad,124.14,105.62,10.95,6.46,16.28,7.44,1.06,6.89,33.14,2.8,17.14,1.31,189.0,Moderate
188,2015-10-14,Delhi,75.81,155.25,14.33,43.47,53.25,28.75,1.61,10.89,67.89,3.12,11.08,1.99,204.0,Poor
189,2015-10-15,Delhi,95.24,199.77,42.32,60.8,100.2,31.11,2.13,10.84,77.91,5.4,20.03,2.1,218.0,Poor
190,2015-10-15,Hyderabad,192.41,104.9,4.89,3.91,8.09,7.41,1.31,9.92,40.38,2.16,14.66,2.29,272.0,Poor
191,2015-10-16,Hyderabad,118.66,116.1,1.44,1.87,2.75,7.46,0.87,7.59,35.3,1.41,8.12,0.69,266.0,Poor
192,2015-10-17,Delhi,90.66,137.89,38.65,20.29,55.07,6.78,1.62,7.56,44.21,3.83,12.78,1.68,388.0,Very Poor
193,2015-10-17,Hyderabad,155.84,112.22,1.31,1.17,1.92,7.42,0.78,5.37,33.41,1.12,6.56,1.03,230.0,Poor
194,2015-10-18,Delhi,156.71,263.15,27.5,41.09,62.19,21.49,1.63,10.14,71.1,4.64,12.33,1.93,298.0,Poor
195,2015-10-18,Hyderabad,59.6,107.16,1.22,0.95,1.58,7.44,0.61,5.61,33.85,1.31,7.3,1.04,210.0,Poor
196,2015-10-19,Delhi,170.28,312.88,56.52,61.67,97.82,33.27,2.08,16.24,92.96,7.19,24.25,1.95,392.0,Very Poor
197,2015-10-19,Hyderabad,65.35,102.27,2.2,1.05,2.33,9.27,0.95,6.73,32.63,1.26,9.54,2.24,118.0,Moderate
198,2015-10-20,Hyderabad,116.35,116.14,3.57,2.84,5.27,11.14,1.05,7.99,29.83,1.78,14.17,1.32,179.0,Moderate
199,2015-10-20,Delhi,198.1,336.47,91.29,74.62,155.1,36.75,2.17,16.73,101.74,9.5,38.8,1.96,428.0,Severe
200,2015-10-21,Delhi,158.04,265.39,23.76,46.9,69.79,37.48,2.98,15.64,79.5,4.73,11.36,2.02,384.0,Very Poor
201,2015-10-21,Hyderabad,84.18,113.0,3.68,3.3,5.79,11.18,1.25,7.79,30.27,1.75,11.76,2.28,212.0,Poor
202,2015-10-22,Hyderabad,86.98,116.0,2.72,1.94,4.51,11.18,0.62,3.9,35.23,1.66,8.04,0.31,156.0,Moderate
203,2015-10-22,Delhi,116.98,213.49,24.37,32.96,54.18,22.53,2.6,13.27,48.74,3.61,7.79,2.02,292.0,Poor
204,2015-10-23,Delhi,143.73,289.01,54.93,67.38,104.71,30.27,2.05,21.35,69.55,7.29,17.19,2.0,343.0,Very Poor
205,2015-10-23,Hyderabad,73.34,107.94,2.65,1.33,3.4,11.18,0.41,4.64,34.78,1.21,7.08,2.1,191.0,Moderate
206,2015-10-24,Hyderabad,133.6,104.98,2.98,0.85,2.7,11.17,1.05,6.64,44.17,1.26,6.9,0.62,185.0,Moderate
207,2015-10-24,Delhi,169.22,341.7,90.18,71.38,122.15,34.26,3.07,18.2,47.92,10.19,29.74,1.94,383.0,Very Poor
208,2015-10-25,Hyderabad,103.01,102.9,3.03,0.74,2.58,11.17,0.86,5.43,51.97,1.15,5.33,0.58,235.0,Poor
209,2015-10-25,Delhi,147.65,281.8,33.05,56.46,81.78,28.26,1.78,13.81,65.83,6.17,28.38,1.88,374.0,Very Poor
210,2015-10-26,Hyderabad,95.22,101.17,3.0,0.74,2.57,11.18,0.84,7.46,48.38,1.01,5.72,1.97,210.0,Poor
211,2015-10-26,Delhi,101.61,214.37,23.78,47.8,61.15,23.85,1.58,20.57,85.73,4.59,13.39,1.82,263.0,Poor
212,2015-10-27,Hyderabad,122.14,114.7,3.02,0.73,2.57,11.15,1.34,5.66,49.97,1.15,7.58,2.22,226.0,Poor
213,2015-10-27,Delhi,113.2,260.46,30.2,49.25,75.03,26.14,1.74,21.2,63.88,6.18,16.14,2.02,334.0,Very Poor
214,2015-10-28,Hyderabad,81.18,97.96,2.98,0.67,2.5,11.17,1.28,5.4,44.62,1.14,5.91,0.52,227.0,Poor
215,2015-10-28,Delhi,112.89,254.24,32.12,43.78,74.53,22.81,2.07,18.61,71.98,4.85,15.43,2.03,333.0,Very Poor
216,2015-10-29,Hyderabad,252.47,64.38,3.09,0.64,2.54,11.16,1.08,6.0,31.4,1.08,4.53,0.49,216.0,Poor
217,2015-10-29,Delhi,95.72,183.08,25.74,57.74,77.86,25.55,1.89,24.29,73.26,4.13,11.41,1.97,262.0,Poor
218,2015-10-30,Delhi,108.4,156.58,24.98,42.63,55.71,28.72,2.29,18.92,60.56,2.75,7.03,1.96,236.0,Poor
219,2015-10-30,Hyderabad,516.2,82.97,3.03,0.62,2.72,10.78,1.09,4.77,38.74,1.05,5.82,0.47,487.0,Severe
220,2015-10-31,Delhi,245.97,274.06,36.55,35.11,58.72,35.77,1.74,17.66,42.32,1.95,4.3,1.94,340.0,Very Poor
221,2015-10-31,Hyderabad,270.21,104.38,3.12,0.65,2.57,11.2,0.94,8.98,43.41,1.07,6.22,1.58,502.0,Severe
222,2015-11-01,Hyderabad,31.56,94.33,2.95,0.71,1.98,12.02,1.02,6.96,37.57,1.32,7.15,1.35,188.0,Moderate
223,2015-11-01,Delhi,277.53,379.38,60.39,60.17,94.74,51.64,2.41,28.58,84.99,5.45,13.75,3.5,415.0,Severe
224,2015-11-02,Hyderabad,54.91,93.72,2.89,0.71,1.96,11.97,1.15,7.07,38.74,1.31,7.52,0.66,106.0,Moderate
225,2015-11-02,Delhi,232.4,361.0,67.14,68.4,115.98,42.75,2.05,31.66,136.67,8.28,20.6,23.3,420.0,Severe
226,2015-11-03,Delhi,244.78,385.66,51.06,82.74,112.71,45.66,2.09,29.19,99.91,6.91,17.35,2.55,407.0,Severe
227,2015-11-03,Hyderabad,56.93,97.74,3.6,1.18,2.04,11.93,0.96,10.7,29.23,1.35,7.32,1.0,120.0,Moderate
228,2015-11-04,Delhi,293.49,401.49,105.88,87.47,137.62,56.81,2.54,31.58,114.43,7.99,28.6,1.75,454.0,Severe
229,2015-11-04,Hyderabad,40.67,90.56,5.24,1.72,2.45,11.75,0.99,13.4,32.02,1.2,6.72,0.63,130.0,Moderate
230,2015-11-05,Delhi,161.78,234.94,44.61,63.78,97.34,45.99,1.76,21.21,75.71,4.34,18.32,1.63,388.0,Very Poor
231,2015-11-05,Hyderabad,50.03,90.53,3.44,4.47,6.21,12.04,0.96,8.04,36.49,1.16,6.74,1.52,103.0,Moderate
232,2015-11-06,Hyderabad,89.59,107.82,7.89,14.73,20.85,12.06,1.53,10.99,36.11,1.44,8.75,1.72,179.0,Moderate
233,2015-11-06,Delhi,153.33,260.04,35.14,58.13,86.38,46.52,2.56,20.9,69.95,4.37,13.52,1.34,276.0,Poor
234,2015-11-07,Delhi,353.86,496.61,42.74,86.59,117.97,67.43,2.76,19.96,107.69,7.34,16.38,1.46,483.0,Severe
235,2015-11-07,Hyderabad,86.87,105.81,8.71,14.84,21.55,11.96,0.93,11.36,32.53,1.47,11.41,0.75,206.0,Poor
236,2015-11-08,Hyderabad,51.21,101.07,5.46,10.48,15.16,12.03,1.24,8.8,47.35,1.11,5.54,0.4,145.0,Moderate
237,2015-11-08,Delhi,217.55,356.92,32.59,75.98,98.5,49.64,2.84,31.77,103.4,4.83,9.61,1.35,451.0,Severe
238,2015-11-09,Delhi,201.44,364.2,88.69,79.2,134.41,55.64,2.01,40.75,108.12,7.16,21.36,1.19,378.0,Very Poor
239,2015-11-09,Hyderabad,53.87,118.33,7.18,15.98,21.66,11.98,0.59,8.37,40.12,1.08,6.41,1.1,114.0,Moderate
240,2015-11-10,Hyderabad,67.45,114.47,9.39,18.54,26.53,11.93,0.55,11.9,32.42,1.33,8.0,1.44,129.0,Moderate
241,2015-11-10,Delhi,249.95,452.96,88.06,84.89,150.79,69.34,2.64,33.72,115.45,8.75,21.95,2.86,439.0,Severe
242,2015-11-11,Delhi,219.68,408.52,24.64,55.72,71.78,48.34,1.5,25.96,89.58,3.82,8.83,0.0,431.0,Severe
243,2015-11-11,Hyderabad,85.48,115.5,11.75,17.0,24.91,11.96,0.78,13.68,38.48,0.75,5.2,0.1,135.0,Moderate
244,2015-11-12,Hyderabad,88.14,106.33,11.57,19.56,29.93,11.91,0.61,12.92,34.67,1.31,6.17,0.66,275.0,Poor
245,2015-11-12,Delhi,258.48,398.16,30.46,54.69,81.68,47.57,1.84,28.58,75.26,3.64,6.94,0.0,421.0,Severe
246,2015-11-13,Hyderabad,72.77,111.94,8.77,15.59,22.61,11.7,0.61,13.17,29.49,1.88,10.04,1.22,157.0,Moderate
247,2015-11-13,Delhi,291.66,469.38,27.58,61.66,84.27,50.58,1.75,21.15,101.14,4.46,10.11,0.0,454.0,Severe
248,2015-11-14,Hyderabad,61.82,99.33,11.49,15.61,24.35,9.85,1.19,13.89,33.99,1.82,13.68,2.3,131.0,Moderate
249,2015-11-14,Delhi,221.68,377.4,19.84,60.05,69.37,48.04,1.72,21.27,90.08,3.98,10.55,0.0,450.0,Severe
250,2015-11-15,Delhi,214.24,342.13,49.66,83.62,95.98,49.4,2.1,22.68,101.15,5.57,17.11,0.0,367.0,Very Poor
251,2015-11-15,Hyderabad,70.51,100.62,17.12,16.18,28.61,2.5,1.2,11.67,33.14,1.96,12.9,1.02,144.0,Moderate
252,2015-11-16,Hyderabad,69.02,98.3,7.66,10.53,14.07,3.52,1.06,12.49,32.91,1.36,6.87,0.7,130.0,Moderate
253,2015-11-16,Delhi,184.02,323.56,81.18,85.03,129.22,60.07,2.26,21.27,94.79,5.86,20.12,0.0,383.0,Very Poor
254,2015-11-17,Hyderabad,44.27,107.15,9.28,6.38,12.52,6.01,0.81,9.57,31.61,0.89,5.89,1.15,128.0,Moderate
255,2015-11-17,Delhi,136.22,280.47,44.56,57.11,77.4,41.89,2.1,17.53,71.44,2.86,8.42,0.0,347.0,Very Poor
256,2015-11-18,Hyderabad,46.31,92.72,8.21,6.58,11.61,5.94,0.84,9.58,30.33,0.97,5.09,1.1,102.0,Moderate
257,2015-11-18,Delhi,188.09,367.46,74.07,74.39,118.88,45.24,2.3,21.78,86.88,5.15,15.24,1.01,369.0,Very Poor
258,2015-11-19,Delhi,238.69,397.16,106.26,96.62,150.98,55.18,2.87,25.59,101.68,7.31,22.27,3.09,392.0,Very Poor
259,2015-11-19,Hyderabad,37.76,102.3,7.23,5.1,9.17,5.96,0.89,9.16,38.1,0.88,3.83,0.39,110.0,Moderate
260,2015-11-20,Hyderabad,30.44,74.28,7.51,6.96,11.27,5.97,0.94,8.51,21.91,0.99,5.15,1.88,86.0,Satisfactory
261,2015-11-20,Delhi,271.42,470.08,139.98,101.44,164.44,64.78,3.28,26.81,124.74,9.41,35.26,3.45,455.0,Severe
262,2015-11-21,Hyderabad,38.88,106.93,6.34,9.18,13.07,6.83,0.93,8.8,33.12,1.04,5.01,2.12,92.0,Satisfactory
263,2015-11-21,Delhi,293.73,467.32,102.06,97.76,144.12,63.08,2.96,23.06,114.3,9.99,30.62,2.42,450.0,Severe
264,2015-11-22,Hyderabad,70.96,104.88,7.28,7.21,12.71,10.08,1.25,9.36,43.03,1.42,5.74,1.04,121.0,Moderate
265,2015-11-22,Delhi,247.27,450.96,101.94,92.32,146.25,63.4,2.73,20.77,116.29,7.9,23.75,2.05,478.0,Severe
266,2015-11-23,Hyderabad,46.04,98.22,3.95,7.92,9.81,9.44,0.76,6.44,40.99,1.24,4.41,0.7,97.0,Satisfactory
267,2015-11-23,Delhi,266.95,419.98,123.99,105.29,164.08,74.83,3.49,24.92,132.26,9.04,29.47,3.81,431.0,Severe
268,2015-11-24,Hyderabad,40.59,94.94,4.84,10.51,13.63,8.95,0.92,9.44,36.46,1.2,5.98,2.65,102.0,Moderate
269,2015-11-24,Delhi,241.61,424.09,115.23,88.74,165.41,67.9,2.6,19.65,113.35,9.14,27.7,4.27,440.0,Severe
270,2015-11-25,Hyderabad,69.37,112.36,8.69,15.65,22.64,8.87,1.1,8.3,26.89,1.51,7.33,0.75,119.0,Moderate
271,2015-11-25,Delhi,149.14,312.85,33.11,54.63,83.28,35.62,1.98,15.97,81.11,3.31,9.24,0.95,376.0,Very Poor
272,2015-11-26,Hyderabad,91.06,108.82,15.49,21.0,34.72,8.95,1.4,11.16,25.38,1.86,8.97,1.03,199.0,Moderate
273,2015-11-26,Delhi,182.5,317.46,91.98,69.29,144.14,40.68,1.84,21.35,93.71,4.48,12.18,1.03,347.0,Very Poor
274,2015-11-27,Hyderabad,83.12,115.67,7.2,16.36,21.79,8.93,1.1,9.12,33.04,1.58,6.92,0.78,172.0,Moderate
275,2015-11-27,Delhi,193.58,343.26,60.96,71.35,121.32,57.48,1.71,19.49,90.46,4.05,12.37,0.02,343.0,Very Poor
276,2015-11-28,Hyderabad,81.22,110.9,4.52,11.75,14.87,8.6,1.01,9.53,39.42,1.26,6.04,0.46,172.0,Moderate
277,2015-11-28,Delhi,172.89,294.29,32.3,47.21,73.76,60.1,1.43,17.09,70.51,2.54,6.88,0.0,362.0,Very Poor
278,2015-11-29,Hyderabad,67.13,109.51,4.52,9.39,12.25,8.95,0.97,8.22,46.11,1.28,4.77,0.7,164.0,Moderate
279,2015-11-29,Delhi,190.46,342.59,64.72,51.84,99.82,59.13,1.88,20.73,67.97,3.2,10.58,0.01,319.0,Very Poor
280,2015-11-30,Hyderabad,45.49,106.29,4.86,8.74,11.95,8.93,0.92,8.03,31.7,1.15,5.14,2.61,119.0,Moderate
281,2015-11-30,Delhi,282.76,419.33,116.54,78.48,159.5,73.94,2.51,24.51,131.34,6.23,20.23,0.0,425.0,Severe
282,2015-12-01,Delhi,183.28,371.83,56.71,83.03,118.88,57.35,1.77,16.48,93.52,4.34,12.02,0.01,400.0,Very Poor
283,2015-12-01,Hyderabad,38.24,102.51,5.31,10.07,13.74,8.94,0.93,9.1,28.27,1.1,5.45,2.51,101.0,Moderate
284,2015-12-02,Hyderabad,29.53,80.84,5.28,10.13,13.79,9.32,0.87,7.72,21.04,1.26,4.59,0.62,95.0,Satisfactory
285,2015-12-03,Hyderabad,45.97,98.69,6.86,17.38,23.23,10.45,0.85,7.09,28.81,0.91,4.24,0.32,99.0,Satisfactory
286,2015-12-04,Hyderabad,57.22,103.72,5.61,19.75,24.69,9.3,1.28,9.04,31.38,1.14,8.69,1.45,120.0,Moderate
287,2015-12-05,Hyderabad,61.11,109.53,7.38,16.02,21.96,10.39,1.04,9.25,24.0,1.37,6.67,1.26,127.0,Moderate
288,2015-12-07,Hyderabad,79.25,105.66,8.72,22.09,29.96,10.53,1.17,8.71,24.41,1.22,7.57,1.47,160.0,Moderate
289,2015-12-08,Hyderabad,72.74,104.94,8.25,17.02,23.62,10.43,1.14,10.42,28.54,1.67,9.31,1.01,147.0,Moderate
290,2015-12-09,Hyderabad,60.2,104.11,7.51,16.7,22.55,10.35,1.12,7.05,29.88,1.57,7.05,1.07,137.0,Moderate
291,2015-12-10,Hyderabad,49.53,117.53,6.44,16.6,21.53,10.5,1.11,7.85,29.88,1.46,6.76,0.92,120.0,Moderate
292,2015-12-11,Hyderabad,24.85,64.47,8.58,12.14,19.29,10.5,0.91,8.54,20.59,0.84,5.26,0.34,101.0,Moderate
293,2015-12-12,Hyderabad,42.92,87.86,10.1,13.9,22.57,10.48,1.18,7.02,24.96,1.47,7.26,0.99,111.0,Moderate
294,2015-12-13,Hyderabad,57.34,93.23,5.24,9.76,13.55,10.46,0.86,8.74,31.37,1.35,7.01,0.85,124.0,Moderate
295,2015-12-14,Hyderabad,30.53,95.47,5.52,10.89,14.9,10.43,0.81,8.78,31.66,1.06,5.46,0.6,102.0,Moderate
296,2015-12-15,Hyderabad,30.54,98.14,5.82,14.83,19.18,10.53,0.89,8.37,32.98,1.22,6.36,0.76,100.0,Satisfactory
297,2015-12-16,Hyderabad,33.68,85.59,6.62,12.81,18.01,10.54,0.85,7.29,30.43,1.26,5.91,0.76,101.0,Moderate
298,2015-12-17,Hyderabad,33.48,81.25,6.92,12.47,17.9,10.55,0.8,9.02,28.24,1.22,5.43,0.73,92.0,Satisfactory
299,2015-12-18,Hyderabad,36.17,75.84,6.98,12.44,17.93,10.46,0.94,8.45,27.24,1.15,6.11,1.47,98.0,Satisfactory
300,2015-12-19,Hyderabad,38.31,103.29,7.85,13.32,19.67,10.41,1.03,7.17,22.6,1.31,9.67,1.78,101.0,Moderate
301,2015-12-20,Hyderabad,45.87,98.28,5.3,8.87,12.6,10.49,0.88,7.81,27.92,1.33,7.7,1.0,104.0,Moderate
302,2015-12-21,Hyderabad,30.24,82.51,3.8,11.64,14.11,10.49,0.6,9.7,28.87,0.82,5.77,0.42,93.0,Satisfactory
303,2015-12-22,Hyderabad,59.23,84.19,6.68,13.39,18.49,10.38,0.92,7.79,31.1,1.13,6.38,0.56,102.0,Moderate
304,2015-12-23,Hyderabad,38.41,83.4,6.6,12.88,18.03,10.42,0.8,6.71,30.15,1.1,5.35,0.64,115.0,Moderate
305,2015-12-24,Hyderabad,60.86,108.11,6.06,11.42,15.98,10.42,0.99,8.48,52.28,1.27,7.24,0.49,113.0,Moderate
306,2015-12-25,Hyderabad,74.08,94.0,4.72,8.91,12.19,10.42,0.91,11.36,72.53,1.26,5.22,0.8,142.0,Moderate
307,2015-12-26,Hyderabad,79.9,99.88,4.84,12.23,15.52,10.35,1.26,14.13,83.35,1.6,7.69,2.41,174.0,Moderate
308,2015-12-27,Hyderabad,79.52,97.83,5.14,14.89,18.53,10.38,1.26,17.09,61.51,1.78,7.98,1.53,176.0,Moderate
309,2015-12-28,Hyderabad,65.91,99.88,7.62,21.23,27.43,10.43,1.57,9.83,30.85,1.83,9.55,1.53,148.0,Moderate
310,2015-12-29,Hyderabad,68.43,98.43,24.6,27.59,50.51,10.35,1.52,12.64,23.09,2.65,16.45,2.34,147.0,Moderate
311,2015-12-30,Hyderabad,83.76,102.69,38.06,29.6,52.78,10.51,1.71,13.79,22.94,2.57,16.0,2.11,171.0,Moderate
312,2015-12-31,Delhi,240.97,389.18,85.66,72.93,131.21,72.69,2.38,24.08,87.26,5.58,16.21,0.0,433.0,Severe
313,2015-12-31,Hyderabad,177.62,98.01,28.46,25.5,52.22,10.46,1.73,14.74,25.9,2.33,13.33,2.05,213.0,Poor
314,2016-01-01,Delhi,295.71,476.09,86.62,94.04,131.36,79.87,2.42,23.57,108.14,5.81,16.3,0.0,463.0,Severe
315,2016-01-01,Hyderabad,232.83,108.2,11.17,17.35,26.85,10.58,1.45,8.56,27.64,1.79,9.91,2.41,387.0,Very Poor
316,2016-01-02,Hyderabad,71.44,111.72,8.97,16.6,23.98,10.46,1.15,8.39,38.01,1.48,8.14,0.95,211.0,Poor
317,2016-01-03,Hyderabad,66.92,105.15,10.65,15.35,24.45,10.35,1.23,7.77,35.08,1.86,9.56,1.54,145.0,Moderate
318,2016-01-04,Hyderabad,134.61,109.29,9.99,15.94,24.34,10.52,1.27,9.82,34.33,1.86,9.33,2.09,177.0,Moderate
319,2016-01-05,Hyderabad,80.83,113.23,9.04,16.65,24.06,10.55,1.21,8.87,34.37,1.57,9.39,0.97,218.0,Poor
320,2016-01-06,Hyderabad,109.82,105.67,15.06,19.71,33.18,10.53,1.33,8.84,35.03,1.56,8.24,1.48,205.0,Poor
321,2016-01-07,Hyderabad,66.19,102.61,5.71,13.35,17.48,10.52,0.93,7.82,42.99,1.16,7.22,0.86,195.0,Moderate
322,2016-01-08,Hyderabad,69.27,100.47,9.06,18.17,25.57,10.43,1.14,7.82,47.4,1.35,6.72,1.23,145.0,Moderate
323,2016-01-09,Hyderabad,97.2,108.77,21.79,20.69,40.86,10.47,1.26,8.82,46.2,1.47,7.94,1.22,228.0,Poor
324,2016-01-10,Hyderabad,72.09,101.26,17.44,19.99,35.77,10.44,1.17,8.85,62.68,1.48,8.37,1.13,200.0,Moderate
325,2016-01-11,Hyderabad,71.44,107.05,13.04,19.87,31.26,10.47,1.21,8.01,51.86,1.42,7.31,0.9,159.0,Moderate
326,2016-01-12,Hyderabad,129.67,103.49,18.62,22.42,39.3,10.33,1.39,7.62,49.16,1.79,10.55,2.19,219.0,Poor
327,2016-01-13,Hyderabad,103.44,99.88,21.74,21.93,42.02,10.43,1.22,10.39,53.34,1.48,10.55,1.65,257.0,Poor
328,2016-01-14,Hyderabad,60.76,98.54,6.32,13.38,17.95,10.44,0.91,7.1,69.54,1.11,5.88,0.67,216.0,Poor
329,2016-01-15,Hyderabad,56.01,104.73,5.12,7.15,10.77,10.4,0.73,7.28,68.31,0.55,2.62,0.22,155.0,Moderate
330,2016-01-16,Hyderabad,58.57,93.52,5.16,9.91,13.47,10.42,0.93,7.02,74.69,0.37,2.46,0.13,148.0,Moderate
331,2016-01-17,Hyderabad,54.12,99.69,5.16,8.61,12.3,10.39,1.05,8.47,74.38,0.48,3.07,0.14,161.0,Moderate
332,2016-01-18,Hyderabad,43.05,82.25,5.78,9.64,13.97,10.41,0.78,6.51,74.51,0.41,2.66,0.12,171.0,Moderate
333,2016-01-19,Hyderabad,50.38,79.94,5.56,9.39,13.46,10.42,0.74,7.33,39.71,0.53,3.07,0.16,152.0,Moderate
334,2016-01-20,Hyderabad,75.11,102.17,6.03,12.5,17.01,10.51,1.02,8.71,19.6,1.1,5.52,0.42,128.0,Moderate
335,2016-01-21,Hyderabad,62.65,114.92,5.01,10.2,13.7,10.39,0.78,10.16,37.85,0.35,3.56,0.07,147.0,Moderate
336,2016-01-22,Hyderabad,51.14,103.09,5.2,10.0,13.76,10.42,0.92,13.55,50.35,0.4,3.69,0.07,117.0,Moderate
337,2016-01-23,Hyderabad,66.16,97.42,5.23,13.23,17.06,10.5,0.99,8.42,48.7,0.48,3.42,0.09,118.0,Moderate
338,2016-01-24,Hyderabad,73.91,105.01,5.09,10.36,14.06,10.59,0.89,7.65,44.51,0.55,3.64,0.13,149.0,Moderate
339,2016-01-25,Hyderabad,69.02,103.83,7.99,6.65,12.84,10.58,1.25,9.03,42.29,0.56,3.21,0.12,148.0,Moderate
340,2016-02-04,Hyderabad,103.27,95.5,4.76,8.26,10.52,10.57,1.25,12.0,5.79,0.52,4.65,0.26,108.0,Moderate
341,2016-02-05,Hyderabad,68.56,107.67,6.71,13.49,18.84,10.61,0.98,9.9,35.46,0.53,4.01,0.24,174.0,Moderate
342,2016-02-06,Hyderabad,61.7,102.86,5.41,10.58,14.63,10.57,1.12,6.51,45.37,0.44,3.13,0.16,137.0,Moderate
343,2016-02-07,Hyderabad,61.74,101.15,5.38,8.97,12.97,10.28,0.92,3.82,45.44,0.44,2.67,0.15,121.0,Moderate
344,2016-02-08,Hyderabad,69.72,108.26,5.46,10.01,14.1,10.42,0.86,3.99,37.8,0.44,2.87,0.15,134.0,Moderate
345,2016-02-09,Hyderabad,72.39,106.72,5.41,11.19,15.2,10.38,1.02,4.32,40.99,0.43,3.15,0.15,149.0,Moderate
346,2016-02-10,Hyderabad,62.0,99.08,5.91,12.15,16.68,10.28,0.92,4.73,46.72,0.45,6.47,0.16,137.0,Moderate
347,2016-02-11,Hyderabad,66.95,109.31,5.29,10.13,14.05,10.45,0.92,6.21,51.08,0.44,6.43,0.16,124.0,Moderate
348,2016-02-12,Hyderabad,61.41,96.56,5.45,10.43,14.54,10.28,0.68,4.48,49.34,0.37,4.66,0.13,122.0,Moderate
349,2016-02-13,Hyderabad,62.77,102.95,4.93,10.25,13.87,10.39,0.89,4.77,50.96,0.54,4.25,0.4,120.0,Moderate
350,2016-02-14,Hyderabad,58.29,100.33,5.07,7.93,11.66,10.3,0.94,5.61,38.25,1.12,5.71,1.44,120.0,Moderate
351,2016-02-15,Hyderabad,56.27,98.59,5.52,9.52,13.7,10.28,0.67,5.45,33.34,0.9,3.95,0.87,116.0,Moderate
352,2016-02-16,Hyderabad,37.03,72.15,7.35,9.96,16.16,9.8,1.1,5.59,24.56,0.46,2.92,0.39,123.0,Moderate
353,2016-02-17,Hyderabad,47.56,121.88,5.96,12.95,17.52,10.49,0.93,5.36,35.93,0.2,1.82,0.11,95.0,Satisfactory
354,2016-02-18,Hyderabad,45.02,107.06,5.77,11.18,15.59,10.47,0.99,5.38,28.3,0.19,2.17,0.1,102.0,Moderate
355,2016-02-19,Hyderabad,44.95,91.3,8.82,12.82,20.32,10.57,1.06,4.95,25.76,0.92,5.59,1.02,100.0,Satisfactory
356,2016-02-20,Hyderabad,173.37,113.67,10.62,17.14,26.33,10.49,1.22,6.56,31.91,1.46,8.86,1.97,134.0,Moderate
357,2016-02-21,Hyderabad,525.09,94.0,16.96,19.14,34.7,10.53,1.57,8.75,37.36,2.16,13.13,2.85,442.0,Severe
358,2016-02-22,Hyderabad,353.58,95.54,8.53,16.83,23.94,10.47,1.17,9.43,38.86,1.4,9.8,2.38,510.0,Severe
359,2016-02-23,Hyderabad,65.95,107.3,3.32,10.53,12.46,10.46,0.82,7.15,43.44,1.08,5.04,1.14,235.0,Poor
360,2016-02-24,Hyderabad,50.22,95.03,5.37,9.25,13.29,10.42,0.79,7.02,41.45,0.75,4.14,0.61,115.0,Moderate
361,2016-02-25,Hyderabad,53.47,101.93,5.49,10.41,14.59,10.48,0.9,5.88,43.55,0.82,4.75,0.79,113.0,Moderate
362,2016-02-26,Hyderabad,48.65,96.82,5.28,7.94,11.87,10.4,0.89,6.79,26.1,0.84,9.74,0.82,109.0,Moderate
363,2016-02-27,Hyderabad,29.42,80.62,5.32,8.1,12.09,10.31,0.87,6.07,24.43,0.75,3.83,0.93,100.0,Satisfactory
364,2016-02-28,Hyderabad,36.27,91.18,5.66,9.6,13.87,10.32,0.79,5.97,22.35,0.9,4.51,1.28,99.0,Satisfactory
365,2016-02-29,Hyderabad,33.01,93.99,5.84,9.41,13.91,10.39,0.92,5.34,27.62,0.79,4.42,0.89,98.0,Satisfactory
366,2016-03-01,Hyderabad,38.91,86.74,5.26,8.86,12.81,10.29,0.88,5.35,33.92,0.81,3.43,0.9,102.0,Moderate
367,2016-03-02,Hyderabad,48.34,98.72,5.38,10.22,14.24,10.26,1.08,5.22,39.26,0.98,5.35,1.07,106.0,Moderate
368,2016-03-03,Hyderabad,50.06,88.76,5.58,12.11,16.27,10.21,1.0,7.78,45.55,0.95,5.37,1.11,110.0,Moderate
369,2016-03-04,Hyderabad,63.29,99.76,5.44,12.41,16.46,10.27,1.08,5.8,44.08,1.02,5.7,2.22,117.0,Moderate
370,2016-03-05,Hyderabad,65.76,105.71,5.35,12.36,16.33,10.37,1.1,6.89,47.03,0.93,5.53,2.3,129.0,Moderate
371,2016-03-06,Hyderabad,43.36,96.52,5.14,10.03,13.7,10.16,0.87,5.59,40.23,0.81,3.71,0.92,118.0,Moderate
372,2016-03-07,Hyderabad,38.93,85.11,5.41,8.1,12.18,10.3,0.77,5.48,40.82,0.74,3.34,0.75,100.0,Satisfactory
373,2016-03-08,Hyderabad,41.44,75.47,5.62,9.64,13.89,10.33,0.75,5.85,38.46,0.71,3.85,2.11,98.0,Satisfactory
374,2016-03-09,Hyderabad,50.81,86.52,7.07,13.18,18.89,10.29,1.33,9.26,41.84,0.92,4.24,1.47,118.0,Moderate
375,2016-03-10,Hyderabad,60.66,98.21,8.12,15.99,22.67,10.27,1.14,5.09,32.62,1.3,6.92,2.93,121.0,Moderate
376,2016-03-11,Hyderabad,63.93,96.69,8.2,16.48,23.29,10.31,1.11,6.07,36.32,1.17,7.49,1.65,117.0,Moderate
377,2016-03-12,Hyderabad,63.41,109.62,6.11,13.84,18.54,10.33,0.96,6.19,38.78,1.19,5.73,1.42,135.0,Moderate
378,2016-03-13,Hyderabad,57.96,98.74,5.5,8.84,12.98,10.27,0.82,6.35,47.36,0.67,3.83,0.8,121.0,Moderate
379,2016-03-14,Hyderabad,63.41,96.78,5.24,8.98,12.78,10.26,0.86,6.13,46.51,0.8,4.04,1.44,126.0,Moderate
380,2016-03-15,Hyderabad,48.22,87.46,5.67,8.51,12.81,10.29,0.85,4.96,25.95,0.73,3.83,1.86,109.0,Moderate
381,2016-03-16,Hyderabad,49.29,83.28,5.47,13.73,18.23,10.11,0.83,5.05,30.63,0.64,3.29,0.76,106.0,Moderate
382,2016-03-19,Hyderabad,52.53,91.79,4.46,2.57,4.54,9.14,1.01,4.48,45.44,1.19,5.25,1.36,95.0,Satisfactory
383,2016-03-20,Hyderabad,65.12,98.55,5.36,2.69,5.31,10.32,1.37,6.6,36.69,2.36,12.1,3.37,111.0,Moderate
384,2016-03-21,Hyderabad,56.19,105.42,5.62,3.0,5.66,10.22,1.66,9.28,28.03,2.99,15.19,5.6,112.0,Moderate
385,2016-03-22,Hyderabad,56.72,103.22,5.51,3.09,5.83,10.4,1.53,12.25,45.66,3.02,21.34,5.59,121.0,Moderate
386,2016-03-23,Hyderabad,77.4,101.33,10.15,14.08,22.41,10.39,1.68,10.62,42.17,2.3,12.17,4.36,123.0,Moderate
387,2016-03-24,Hyderabad,73.6,105.96,5.26,10.41,14.27,10.31,0.85,5.67,53.31,0.93,5.12,1.42,160.0,Moderate
388,2016-03-25,Hyderabad,73.9,104.01,5.61,11.53,15.68,10.34,1.01,6.29,52.35,0.9,5.75,1.04,151.0,Moderate
389,2016-03-26,Hyderabad,61.09,106.24,5.46,11.4,15.49,10.35,0.91,4.08,49.85,0.93,4.36,1.21,134.0,Moderate
390,2016-03-27,Hyderabad,69.37,108.55,5.36,9.86,13.88,10.29,1.0,3.7,62.11,0.87,3.77,0.88,141.0,Moderate
391,2016-03-28,Hyderabad,64.25,111.27,5.24,9.19,13.03,10.31,1.18,4.33,55.42,0.72,3.6,0.88,138.0,Moderate
392,2016-03-29,Hyderabad,58.28,101.14,5.44,11.1,15.26,10.12,1.12,3.25,50.93,0.86,3.61,0.84,123.0,Moderate
393,2016-03-30,Hyderabad,55.96,95.45,5.7,11.15,15.47,10.16,1.13,3.89,46.22,0.89,4.24,0.75,125.0,Moderate
394,2016-03-31,Hyderabad,43.84,89.56,3.5,10.39,12.31,10.31,0.66,4.58,42.02,0.69,3.52,0.72,92.0,Satisfactory
395,2016-04-01,Hyderabad,57.97,99.89,4.06,11.52,13.91,10.47,0.9,6.58,47.76,1.08,7.15,4.19,103.0,Moderate
396,2016-04-04,Hyderabad,53.75,104.14,8.83,24.81,28.55,28.56,1.21,4.43,50.46,0.84,3.62,0.74,146.0,Moderate
397,2016-04-05,Hyderabad,52.91,116.28,4.51,34.56,23.81,26.16,0.86,5.58,47.1,0.99,5.3,1.09,103.0,Moderate
398,2016-04-06,Hyderabad,50.6,114.32,9.27,33.59,30.45,22.29,1.5,4.5,43.43,0.73,4.34,1.18,117.0,Moderate
399,2016-04-07,Hyderabad,42.22,96.54,3.83,31.94,23.71,22.34,0.96,5.25,45.28,0.76,4.1,0.96,120.0,Moderate
400,2016-04-08,Hyderabad,31.46,84.57,5.28,35.11,23.23,20.01,0.8,4.88,47.55,0.91,4.38,3.28,88.0,Satisfactory
401,2016-04-09,Hyderabad,31.88,70.0,7.2,32.42,21.16,19.59,0.87,4.28,35.94,0.89,3.84,1.31,77.0,Satisfactory
402,2016-04-10,Hyderabad,28.04,75.69,6.76,34.6,21.91,17.59,0.82,6.37,40.03,0.88,5.14,1.29,79.0,Satisfactory
403,2016-04-11,Hyderabad,46.8,100.44,7.67,34.5,28.29,18.48,1.24,3.38,44.25,0.83,4.09,1.29,99.0,Satisfactory
404,2016-04-12,Hyderabad,48.99,87.94,12.85,34.56,37.07,19.29,1.61,10.06,41.0,0.69,4.45,0.75,117.0,Moderate
405,2016-04-13,Hyderabad,55.96,98.92,12.5,31.16,32.34,22.54,1.24,6.89,40.31,0.84,5.48,1.02,116.0,Moderate
406,2016-04-14,Hyderabad,66.47,109.42,11.84,37.0,35.18,25.98,1.2,10.04,42.49,1.35,5.99,1.89,131.0,Moderate
407,2016-04-15,Hyderabad,54.58,102.11,4.9,23.02,19.15,23.21,0.83,4.06,50.46,0.92,3.77,1.22,121.0,Moderate
408,2016-04-16,Hyderabad,70.92,96.84,4.74,21.28,18.48,21.43,1.05,3.85,48.14,0.57,2.94,0.46,125.0,Moderate
409,2016-04-17,Hyderabad,63.68,95.59,4.81,20.25,17.83,21.25,0.97,5.27,40.9,0.64,3.28,0.72,151.0,Moderate
410,2016-04-18,Hyderabad,51.86,108.24,4.68,28.92,23.65,22.27,1.2,4.67,27.96,0.99,4.38,1.22,139.0,Moderate
411,2016-04-19,Hyderabad,37.66,78.68,7.38,27.73,24.53,20.13,1.1,7.1,26.39,0.64,4.01,0.86,107.0,Moderate
412,2016-04-20,Hyderabad,45.0,93.9,8.98,33.13,29.96,22.38,1.02,7.21,29.12,0.68,3.69,0.98,105.0,Moderate
413,2016-04-21,Hyderabad,48.65,87.02,4.58,33.5,24.68,23.69,1.3,5.98,36.99,0.9,4.98,1.36,120.0,Moderate
414,2016-04-22,Hyderabad,41.99,103.25,11.78,41.0,28.75,22.04,1.06,6.03,40.99,1.16,6.37,1.79,100.0,Satisfactory
415,2016-04-23,Hyderabad,26.0,93.08,4.34,21.79,13.84,18.78,0.6,8.13,58.17,0.6,3.36,0.39,101.0,Moderate
416,2016-04-26,Hyderabad,56.86,109.0,8.33,44.83,30.9,34.24,0.17,9.29,39.46,0.77,3.64,1.18,102.0,Moderate
417,2016-04-27,Hyderabad,52.96,108.3,10.35,34.44,30.89,38.48,0.9,7.58,24.33,0.53,3.21,0.69,129.0,Moderate
418,2016-04-28,Hyderabad,44.3,89.26,11.41,34.53,32.21,31.97,0.51,8.18,34.32,0.44,2.87,0.43,110.0,Moderate
419,2016-04-29,Hyderabad,40.1,85.11,8.83,32.79,28.28,33.59,0.48,6.71,31.34,0.44,3.01,0.37,99.0,Satisfactory
420,2016-04-30,Hyderabad,33.33,76.71,8.73,31.35,28.66,33.19,0.47,7.87,47.78,0.36,2.41,0.33,100.0,Satisfactory
421,2016-05-01,Hyderabad,46.08,107.77,9.55,31.1,28.46,29.73,0.49,6.57,40.05,0.55,3.61,0.65,108.0,Moderate
422,2016-05-02,Hyderabad,37.28,84.02,4.85,26.57,21.07,23.99,0.43,6.13,52.45,0.25,1.39,0.19,104.0,Moderate
423,2016-05-03,Hyderabad,40.37,87.52,5.33,35.95,27.93,30.58,0.71,3.05,34.06,0.46,3.22,0.43,116.0,Moderate
424,2016-05-04,Hyderabad,30.1,56.02,6.46,20.72,18.45,44.38,0.38,5.1,49.45,0.25,1.88,0.27,92.0,Satisfactory
425,2016-05-05,Hyderabad,29.22,60.54,10.85,29.21,27.98,28.44,0.39,10.13,41.7,0.38,2.1,0.28,67.0,Satisfactory
426,2016-05-06,Hyderabad,60.88,66.45,9.09,44.45,33.89,48.05,0.7,1.15,26.27,0.38,1.19,0.18,72.0,Satisfactory
427,2016-05-07,Hyderabad,89.48,94.11,18.33,59.85,47.12,59.64,1.08,2.75,34.35,0.5,0.55,0.12,90.0,Satisfactory
428,2016-05-08,Hyderabad,40.12,50.94,24.62,35.16,51.79,78.57,1.65,6.65,43.27,0.19,0.98,0.17,156.0,Moderate
429,2016-05-09,Hyderabad,50.76,82.05,7.79,33.2,33.14,35.16,1.27,5.84,41.24,0.32,1.79,0.37,167.0,Moderate
430,2016-05-10,Hyderabad,30.45,56.0,8.8,44.42,25.36,34.26,1.27,8.4,35.04,0.47,4.37,1.43,105.0,Moderate
431,2016-05-11,Hyderabad,60.7,81.89,20.76,51.24,50.0,31.42,1.42,7.73,24.56,0.91,7.68,1.75,105.0,Moderate
432,2016-05-12,Hyderabad,51.09,96.09,18.48,46.69,46.61,30.83,1.66,15.51,38.0,0.44,3.58,0.45,135.0,Moderate
433,2016-05-13,Hyderabad,45.67,82.71,6.1,38.21,29.19,29.29,0.94,5.84,44.28,0.36,2.87,0.36,110.0,Moderate
434,2016-05-14,Hyderabad,46.24,90.98,5.03,35.88,26.3,30.57,0.9,5.23,51.78,0.31,1.96,0.31,110.0,Moderate
435,2016-05-15,Hyderabad,31.02,65.19,6.5,25.0,20.89,28.73,0.82,5.39,29.69,0.34,1.9,0.33,95.0,Satisfactory
436,2016-05-16,Hyderabad,28.39,73.3,8.82,29.68,25.85,27.59,0.79,4.71,31.52,0.32,2.11,0.38,92.0,Satisfactory
437,2016-05-17,Hyderabad,23.03,66.3,7.53,28.72,23.51,31.26,0.69,9.34,22.35,0.29,1.88,0.43,83.0,Satisfactory
438,2016-05-18,Hyderabad,29.65,72.39,9.35,28.29,25.18,29.08,0.84,7.27,23.33,0.3,1.97,0.29,84.0,Satisfactory
439,2016-05-19,Hyderabad,34.57,68.51,6.07,26.2,22.43,26.92,0.65,6.7,22.0,0.22,1.58,0.19,86.0,Satisfactory
440,2016-05-20,Hyderabad,29.56,53.7,8.71,19.21,19.22,39.66,0.6,3.26,32.38,0.18,0.69,0.12,92.0,Satisfactory
441,2016-05-21,Hyderabad,32.82,71.8,5.54,16.81,17.74,34.21,0.48,5.56,16.96,0.08,0.5,0.08,105.0,Moderate
442,2016-05-22,Hyderabad,34.45,87.0,8.08,22.97,22.12,22.35,0.67,5.71,18.1,0.33,2.46,0.42,93.0,Satisfactory
443,2016-05-23,Hyderabad,30.51,66.12,5.61,22.26,19.54,20.06,0.58,5.2,18.19,0.11,0.83,0.1,95.0,Satisfactory
444,2016-05-24,Hyderabad,31.95,72.51,9.64,24.79,25.28,20.42,0.63,5.62,20.13,0.15,1.27,0.13,87.0,Satisfactory
445,2016-05-25,Hyderabad,48.62,67.89,13.77,23.86,28.59,20.86,0.59,5.85,19.21,0.18,1.96,0.2,104.0,Moderate
446,2016-05-26,Hyderabad,42.25,44.45,9.96,22.65,24.95,21.38,0.52,4.88,22.3,0.12,1.08,0.1,147.0,Moderate
447,2016-05-27,Hyderabad,26.64,57.84,6.44,19.09,18.62,18.67,0.51,5.22,28.01,0.09,0.68,0.08,85.0,Satisfactory
448,2016-05-28,Hyderabad,25.43,63.82,5.24,20.32,17.85,19.2,0.53,6.0,29.17,0.12,0.78,0.09,80.0,Satisfactory
449,2016-05-29,Hyderabad,26.04,76.71,5.44,21.04,18.29,18.94,0.57,5.33,27.41,0.28,1.54,0.05,85.0,Satisfactory
450,2016-07-07,Visakhapatnam,35.33,84.31,16.95,44.35,34.22,12.06,0.84,5.07,25.24,4.87,9.37,4.74,81.0,Satisfactory
451,2016-07-08,Visakhapatnam,40.64,92.73,28.48,52.89,47.01,11.91,1.07,6.57,16.24,6.46,12.2,6.81,112.0,Moderate
452,2016-07-09,Visakhapatnam,33.25,77.65,23.32,45.37,39.49,12.77,1.0,8.79,18.38,5.51,9.55,5.84,81.0,Satisfactory
453,2016-07-10,Visakhapatnam,26.64,69.68,11.03,36.51,26.0,12.82,0.88,9.97,27.98,4.12,6.82,3.48,81.0,Satisfactory
454,2016-07-11,Visakhapatnam,23.92,70.52,13.89,39.01,29.35,12.46,0.89,9.72,24.73,3.87,7.32,3.62,79.0,Satisfactory
455,2016-07-12,Visakhapatnam,28.42,84.49,11.59,42.76,29.47,13.49,1.09,8.99,27.01,5.19,7.9,4.1,79.0,Satisfactory
456,2016-07-13,Visakhapatnam,35.71,75.77,13.83,48.4,33.88,13.12,1.07,9.33,28.83,6.9,10.03,5.72,90.0,Satisfactory
457,2016-07-14,Visakhapatnam,37.09,98.23,14.05,49.9,34.78,13.3,1.09,9.28,33.36,5.24,8.33,7.04,93.0,Satisfactory
458,2016-07-15,Visakhapatnam,43.67,103.08,12.1,49.19,32.98,13.52,1.02,6.74,26.01,6.66,11.08,6.43,112.0,Moderate
459,2016-07-16,Visakhapatnam,44.76,111.15,10.93,47.01,31.05,13.58,1.1,4.76,33.86,6.27,8.15,5.02,104.0,Moderate
460,2016-07-17,Visakhapatnam,41.11,94.44,12.29,48.83,32.94,13.17,1.1,7.73,29.34,6.08,6.32,4.32,102.0,Moderate
461,2016-07-18,Visakhapatnam,46.5,96.07,14.93,49.36,35.16,13.99,1.09,11.05,39.16,4.86,7.42,3.35,95.0,Satisfactory
462,2016-07-19,Visakhapatnam,33.54,80.51,33.45,65.03,56.61,8.69,1.9,11.57,28.7,3.57,6.07,5.88,127.0,Moderate
463,2016-07-20,Visakhapatnam,11.98,103.34,22.54,37.86,35.25,16.1,0.95,19.13,67.74,7.58,13.45,6.46,135.0,Moderate
464,2016-07-23,Visakhapatnam,27.32,83.02,6.98,37.5,23.47,14.76,0.78,18.54,47.74,4.59,12.49,2.53,105.0,Moderate
465,2016-07-25,Visakhapatnam,22.75,58.38,11.05,37.72,26.61,16.37,0.79,25.13,32.89,4.48,9.85,2.39,84.0,Satisfactory
466,2016-07-26,Visakhapatnam,23.34,80.58,32.99,58.13,52.91,13.21,1.34,31.7,42.77,7.2,16.74,9.25,155.0,Moderate
467,2016-07-27,Visakhapatnam,24.49,66.8,24.2,43.69,39.32,15.34,0.94,35.21,28.28,6.47,11.13,9.81,138.0,Moderate
468,2016-07-28,Visakhapatnam,21.85,68.36,26.31,31.72,34.93,12.91,0.98,28.09,18.39,6.27,10.57,5.93,78.0,Satisfactory
469,2016-07-29,Visakhapatnam,23.4,81.96,15.24,29.87,25.91,11.19,1.11,31.45,20.92,6.81,12.52,5.14,79.0,Satisfactory
470,2016-07-30,Visakhapatnam,29.12,77.05,8.21,30.77,21.1,15.58,0.89,26.82,41.79,4.09,6.99,2.75,95.0,Satisfactory
471,2016-07-31,Visakhapatnam,22.44,68.42,15.19,37.52,29.94,10.37,1.15,30.72,37.79,6.08,13.25,6.73,90.0,Satisfactory
472,2016-08-01,Visakhapatnam,23.82,62.12,19.5,34.3,31.25,12.06,1.05,38.43,24.1,6.23,12.61,7.68,105.0,Moderate
473,2016-08-02,Visakhapatnam,16.53,44.53,18.54,29.24,28.07,11.49,0.94,46.26,16.92,4.85,11.16,4.6,67.0,Satisfactory
474,2016-08-03,Visakhapatnam,18.76,43.55,23.96,29.85,32.4,9.98,1.04,29.69,13.1,6.12,9.84,7.44,73.0,Satisfactory
475,2016-08-04,Visakhapatnam,23.64,52.09,22.64,31.32,32.14,11.62,1.1,26.89,13.39,5.46,10.17,5.97,79.0,Satisfactory
476,2016-08-05,Visakhapatnam,27.8,82.45,18.95,34.95,31.16,11.67,1.25,32.89,17.76,6.37,9.77,7.33,89.0,Satisfactory
477,2016-08-06,Visakhapatnam,24.73,89.99,15.38,33.23,27.66,11.63,1.17,32.63,21.29,5.98,9.28,6.34,95.0,Satisfactory
478,2016-08-07,Visakhapatnam,25.74,86.21,13.79,31.69,25.72,7.13,0.96,34.28,25.35,4.49,7.81,3.91,89.0,Satisfactory
479,2016-08-08,Visakhapatnam,30.37,92.09,14.75,34.63,27.86,17.47,1.07,27.96,22.94,6.13,8.35,5.49,94.0,Satisfactory
480,2016-08-09,Visakhapatnam,36.85,103.97,12.44,43.12,30.27,22.93,1.25,44.65,28.44,4.93,8.87,4.45,103.0,Moderate
481,2016-08-09,Hyderabad,8.86,41.75,6.5,8.99,15.02,12.11,0.68,6.51,10.1,0.1,0.56,0.07,86.0,Satisfactory
482,2016-08-10,Visakhapatnam,23.77,96.36,18.46,33.73,30.2,13.62,1.09,37.9,24.9,5.04,9.36,5.92,101.0,Moderate
483,2016-08-10,Hyderabad,9.41,38.77,4.83,8.64,11.86,12.28,0.45,6.92,9.76,0.07,0.46,0.04,84.0,Satisfactory
484,2016-08-11,Visakhapatnam,23.39,85.46,10.64,29.54,16.74,13.05,0.64,35.36,29.24,3.0,6.54,2.73,93.0,Satisfactory
485,2016-08-11,Hyderabad,7.81,26.51,5.34,9.11,10.68,11.83,0.44,6.2,9.13,0.09,0.55,0.05,63.0,Satisfactory
486,2016-08-12,Visakhapatnam,39.42,107.82,21.52,53.0,17.44,15.32,0.62,47.11,28.33,4.2,5.26,4.51,85.0,Satisfactory
487,2016-08-13,Visakhapatnam,34.14,106.86,12.43,41.82,29.63,13.73,1.18,31.44,36.75,6.74,9.95,6.76,106.0,Moderate
488,2016-08-14,Visakhapatnam,28.14,93.6,10.66,34.82,24.89,13.82,1.02,35.15,35.95,5.28,8.93,4.41,101.0,Moderate
489,2016-08-15,Visakhapatnam,27.92,78.98,14.5,35.64,28.18,13.08,1.07,35.46,25.98,5.08,11.15,5.51,89.0,Satisfactory
490,2016-08-16,Visakhapatnam,25.7,80.46,20.26,39.56,34.38,12.96,1.15,26.2,24.28,5.81,11.49,6.69,83.0,Satisfactory
491,2016-08-17,Visakhapatnam,28.17,101.92,17.67,38.75,32.06,11.37,1.03,32.12,28.17,5.48,13.77,5.61,90.0,Satisfactory
492,2016-08-18,Visakhapatnam,26.93,102.19,16.38,38.95,31.19,10.95,1.1,39.42,33.16,4.96,11.43,5.37,102.0,Moderate
493,2016-08-19,Visakhapatnam,33.79,101.42,10.69,38.88,26.9,12.64,1.11,39.92,47.65,6.62,14.61,4.75,102.0,Moderate
494,2016-08-20,Visakhapatnam,33.73,102.06,8.33,33.98,22.76,13.38,1.02,35.43,42.24,5.64,11.25,3.95,102.0,Moderate
495,2016-08-21,Visakhapatnam,38.2,107.83,6.13,33.87,21.06,13.87,0.98,31.97,57.54,4.65,8.1,3.24,111.0,Moderate
496,2016-08-22,Visakhapatnam,47.01,111.73,8.58,36.96,24.39,13.95,1.17,37.63,49.99,6.14,11.6,4.68,108.0,Moderate
497,2016-08-23,Visakhapatnam,31.59,97.97,10.01,33.61,23.78,12.53,0.87,37.4,44.39,5.34,9.3,3.7,102.0,Moderate
498,2016-08-24,Visakhapatnam,30.39,89.86,11.86,38.65,29.1,12.71,0.86,38.41,42.86,5.81,12.14,4.7,93.0,Satisfactory
499,2016-08-25,Visakhapatnam,30.35,77.62,14.44,35.76,28.26,10.98,0.79,28.78,44.58,5.45,9.42,6.04,87.0,Satisfactory
500,2016-08-26,Visakhapatnam,32.44,72.64,17.68,28.77,27.26,12.54,0.64,30.59,41.06,5.45,8.77,6.11,87.0,Satisfactory
501,2016-08-27,Visakhapatnam,17.78,63.29,10.06,23.5,18.95,10.75,0.39,28.17,35.82,4.07,6.89,4.2,66.0,Satisfactory
502,2016-08-28,Visakhapatnam,9.53,32.93,6.68,12.87,11.25,10.66,0.43,11.18,43.5,2.29,5.1,2.25,63.0,Satisfactory
503,2016-08-29,Visakhapatnam,8.91,34.51,6.21,12.77,10.85,9.96,0.41,11.8,41.29,2.47,5.75,2.48,53.0,Satisfactory
504,2016-08-30,Visakhapatnam,10.56,35.2,8.47,12.97,12.65,9.48,0.47,12.63,38.43,2.59,5.66,2.73,60.0,Satisfactory
505,2016-08-31,Visakhapatnam,26.85,54.03,12.01,27.72,22.46,9.75,0.6,27.67,48.49,5.18,8.47,4.42,77.0,Satisfactory
506,2016-09-01,Visakhapatnam,29.45,66.39,12.64,38.84,28.34,8.69,0.8,37.97,41.44,6.62,10.09,6.41,77.0,Satisfactory
507,2016-09-02,Hyderabad,6.31,28.63,10.71,44.71,13.01,31.07,0.39,7.71,13.53,0.06,0.85,0.11,87.0,Satisfactory
508,2016-09-02,Visakhapatnam,26.88,74.2,9.94,30.88,22.46,8.49,0.64,36.41,39.52,6.53,10.93,5.11,71.0,Satisfactory
509,2016-09-03,Visakhapatnam,26.75,57.16,18.67,32.96,29.98,7.5,0.79,27.0,19.97,6.09,14.76,6.54,68.0,Satisfactory
510,2016-09-03,Hyderabad,10.4,30.27,13.23,57.09,17.23,15.31,0.45,10.59,14.46,0.06,0.49,1.06,78.0,Satisfactory
511,2016-09-04,Visakhapatnam,37.11,57.14,13.96,26.57,23.37,8.45,0.46,21.12,17.67,5.35,17.46,3.31,67.0,Satisfactory
512,2016-09-04,Hyderabad,23.0,62.17,6.93,46.21,3.46,44.05,0.07,3.71,14.74,0.01,0.04,0.06,49.0,Good
513,2016-09-06,Hyderabad,28.28,87.32,14.82,74.51,18.74,36.24,0.27,16.38,14.26,0.08,1.3,2.24,85.0,Satisfactory
514,2016-09-06,Visakhapatnam,42.4,91.61,17.32,35.13,32.18,8.91,0.79,28.26,58.59,5.16,10.49,5.87,102.0,Moderate
515,2016-09-07,Visakhapatnam,42.73,94.73,16.83,37.04,30.6,10.34,0.66,24.68,46.0,5.47,11.25,6.36,101.0,Moderate
516,2016-09-07,Hyderabad,37.15,99.05,17.64,84.52,27.1,32.48,0.39,8.3,13.15,0.26,4.77,3.96,97.0,Satisfactory
517,2016-09-08,Visakhapatnam,42.7,101.98,15.86,42.25,32.4,11.0,0.7,31.11,40.2,6.75,15.49,6.61,98.0,Satisfactory
518,2016-09-08,Hyderabad,25.0,82.86,16.61,78.74,16.86,27.66,0.2,12.95,15.26,0.09,1.79,2.61,93.0,Satisfactory
519,2016-09-09,Visakhapatnam,46.08,91.88,12.73,36.83,27.44,12.77,0.69,34.53,40.09,5.72,13.73,6.06,96.0,Satisfactory
520,2016-09-10,Hyderabad,37.09,82.11,12.5,78.98,26.06,22.62,0.37,13.91,15.02,0.1,1.9,5.73,92.0,Satisfactory
521,2016-09-10,Visakhapatnam,63.33,98.79,26.4,41.67,39.99,13.62,1.06,30.31,27.79,8.25,15.32,8.53,98.0,Satisfactory
522,2016-09-11,Visakhapatnam,52.77,88.89,19.96,39.21,33.93,10.4,0.87,30.83,70.49,6.65,11.0,8.43,160.0,Moderate
523,2016-09-11,Hyderabad,24.59,59.97,13.43,70.69,22.2,26.24,0.32,4.45,16.52,0.1,0.74,3.38,66.0,Satisfactory
524,2016-09-12,Hyderabad,30.49,69.68,11.8,59.25,20.74,16.75,0.28,12.54,15.39,0.08,1.34,5.74,65.0,Satisfactory
525,2016-09-12,Visakhapatnam,41.43,79.75,17.8,33.77,29.73,18.81,0.71,31.09,72.47,6.04,12.4,7.76,188.0,Moderate
526,2016-09-13,Hyderabad,23.2,43.26,10.21,42.07,14.05,19.98,0.31,9.58,22.48,0.08,0.78,5.44,66.0,Satisfactory
527,2016-09-13,Visakhapatnam,22.89,54.42,16.53,28.03,25.98,17.05,0.59,18.84,27.81,5.33,9.74,5.88,73.0,Satisfactory
528,2016-09-14,Hyderabad,23.25,46.02,10.27,42.44,14.15,12.34,0.13,12.68,21.14,0.06,0.95,7.3,55.0,Satisfactory
529,2016-09-14,Visakhapatnam,28.28,55.62,18.71,23.62,25.46,11.15,0.73,15.97,32.27,4.33,7.98,5.72,64.0,Satisfactory
530,2016-09-15,Visakhapatnam,13.46,27.95,6.94,14.2,12.09,10.1,0.51,12.08,42.39,3.52,6.14,3.86,71.0,Satisfactory
531,2016-09-15,Hyderabad,15.79,36.7,12.37,46.68,15.99,15.62,0.15,11.29,18.76,0.1,1.52,3.93,70.0,Satisfactory
532,2016-09-16,Hyderabad,10.75,22.54,9.73,35.0,7.61,38.51,0.27,2.6,8.26,0.03,0.21,0.54,59.0,Satisfactory
533,2016-09-16,Visakhapatnam,24.93,47.83,9.28,25.39,19.28,9.54,0.58,20.6,37.3,4.47,7.64,4.05,65.0,Satisfactory
534,2016-09-17,Visakhapatnam,33.68,71.78,13.95,36.89,28.37,10.65,0.78,35.63,25.04,6.41,12.52,6.06,65.0,Satisfactory
535,2016-09-18,Visakhapatnam,39.38,79.07,11.08,36.34,25.96,9.04,0.66,41.44,31.44,5.68,11.58,4.7,86.0,Satisfactory
536,2016-09-19,Visakhapatnam,36.02,92.91,20.75,39.78,34.87,7.14,0.58,25.49,57.61,6.12,10.74,5.91,151.0,Moderate
537,2016-09-20,Hyderabad,9.93,21.82,8.85,31.44,11.36,6.56,0.25,1.98,24.77,0.05,0.22,0.96,62.0,Satisfactory
538,2016-09-21,Hyderabad,17.82,31.93,10.85,38.08,19.18,16.51,0.11,2.83,21.43,0.1,0.72,3.17,52.0,Satisfactory
539,2016-09-21,Visakhapatnam,13.75,29.45,7.76,14.05,14.1,12.09,0.4,10.11,26.54,2.87,6.38,3.3,49.0,Good
540,2016-09-22,Hyderabad,13.08,34.21,10.23,37.98,11.32,9.41,0.1,4.39,26.59,0.04,0.7,2.76,52.0,Satisfactory
541,2016-09-22,Visakhapatnam,12.67,27.2,5.69,8.62,8.45,15.01,0.42,15.35,38.02,1.75,4.06,1.93,55.0,Satisfactory
542,2016-09-23,Hyderabad,7.0,11.0,9.66,43.87,3.57,28.86,0.09,15.62,17.76,0.02,0.11,0.11,34.0,Good
543,2016-09-23,Visakhapatnam,19.93,33.15,10.92,20.31,18.05,11.57,0.94,15.79,35.97,3.58,6.16,4.18,90.0,Satisfactory
544,2016-09-24,Visakhapatnam,27.57,55.19,16.3,35.71,29.57,9.9,1.27,19.36,22.13,5.84,11.56,6.62,78.0,Satisfactory
545,2016-09-25,Hyderabad,21.28,37.15,10.08,43.64,10.2,31.24,0.17,4.1,21.7,0.05,0.3,1.73,66.0,Satisfactory
546,2016-09-25,Visakhapatnam,23.78,51.23,11.29,26.18,21.16,9.16,1.02,15.03,30.47,5.32,7.71,5.0,85.0,Satisfactory
547,2016-09-26,Hyderabad,31.01,71.78,14.44,49.62,15.21,32.74,0.24,16.22,21.89,0.1,3.15,4.49,82.0,Satisfactory
548,2016-09-26,Visakhapatnam,36.71,64.6,26.67,36.36,39.43,8.64,1.3,19.0,25.59,6.74,13.52,10.04,89.0,Satisfactory
549,2016-09-27,Visakhapatnam,62.52,103.15,55.13,56.17,70.43,9.34,1.91,20.52,16.48,11.14,21.51,17.9,108.0,Moderate
550,2016-09-27,Hyderabad,33.84,76.67,11.69,51.19,16.1,18.67,0.3,7.71,23.63,0.11,3.73,6.82,78.0,Satisfactory
551,2016-09-28,Hyderabad,42.99,91.44,12.46,57.36,17.01,12.5,0.11,9.43,25.64,0.11,3.79,6.19,86.0,Satisfactory
552,2016-09-28,Visakhapatnam,72.4,118.07,30.97,45.89,46.51,9.35,1.44,11.11,21.68,9.87,19.96,14.29,130.0,Moderate
553,2016-09-29,Visakhapatnam,60.73,92.72,24.07,44.06,39.43,12.31,1.28,18.29,25.04,8.21,13.93,9.78,113.0,Moderate
554,2016-09-29,Hyderabad,39.5,103.83,8.76,53.2,15.5,16.89,0.17,7.08,27.93,0.08,1.92,5.0,100.0,Satisfactory
555,2016-09-30,Hyderabad,37.67,101.49,8.09,45.98,13.6,11.83,0.01,6.55,35.03,0.06,1.71,6.22,103.0,Moderate
556,2016-09-30,Visakhapatnam,54.76,96.82,34.71,50.32,51.48,14.59,1.3,22.54,17.98,8.76,18.37,12.17,104.0,Moderate
557,2016-10-01,Visakhapatnam,40.24,72.92,20.02,38.29,35.6,12.82,1.01,16.68,25.81,6.77,14.69,8.62,94.0,Satisfactory
558,2016-10-01,Hyderabad,16.68,31.02,9.57,42.12,20.85,25.01,0.24,8.03,29.57,0.08,1.2,2.13,70.0,Satisfactory
559,2016-10-02,Visakhapatnam,71.57,99.21,31.72,43.55,44.87,10.45,1.18,16.61,53.92,7.89,14.02,11.93,132.0,Moderate
560,2016-10-02,Hyderabad,13.57,24.85,9.42,41.65,12.52,19.43,0.11,2.73,30.28,0.05,0.29,0.11,55.0,Satisfactory
561,2016-10-03,Visakhapatnam,42.06,113.21,16.29,43.26,34.26,12.73,0.82,29.0,42.97,6.26,12.61,6.44,133.0,Moderate
562,2016-10-03,Hyderabad,12.72,33.72,7.59,26.93,7.84,17.95,0.19,9.91,25.02,0.02,0.11,0.13,72.0,Satisfactory
563,2016-10-04,Hyderabad,11.98,35.51,9.57,42.12,13.8,9.0,0.03,6.74,22.95,0.03,0.11,0.09,47.0,Good
564,2016-10-04,Visakhapatnam,44.1,93.36,24.07,45.35,41.13,14.02,1.03,24.17,25.85,6.3,14.84,7.33,104.0,Moderate
565,2016-10-05,Hyderabad,9.83,32.3,10.92,35.58,12.75,12.28,0.07,5.53,23.2,0.02,0.09,0.22,73.0,Satisfactory
566,2016-10-05,Visakhapatnam,53.43,101.42,24.25,44.43,40.98,15.85,1.03,25.07,20.23,7.69,15.89,8.64,100.0,Satisfactory
567,2016-10-06,Hyderabad,15.29,52.36,13.83,47.47,16.72,14.01,0.1,6.85,20.62,0.02,0.2,0.76,56.0,Satisfactory
568,2016-10-06,Visakhapatnam,51.42,94.82,28.9,41.1,44.03,16.59,0.97,17.9,31.39,7.79,15.09,10.14,105.0,Moderate
569,2016-10-07,Hyderabad,15.45,57.53,10.46,40.95,13.83,10.52,0.2,6.22,23.05,0.01,0.17,0.7,63.0,Satisfactory
570,2016-10-07,Visakhapatnam,37.61,79.35,27.42,42.34,41.06,16.35,0.76,13.62,19.19,6.28,11.41,8.87,85.0,Satisfactory
571,2016-10-08,Visakhapatnam,50.36,102.59,37.53,50.06,53.46,14.86,1.23,20.11,11.78,7.22,13.5,10.4,95.0,Satisfactory
572,2016-10-08,Hyderabad,16.38,37.54,10.7,39.15,12.18,11.07,0.08,3.2,22.36,0.01,0.21,0.22,55.0,Satisfactory
573,2016-10-09,Hyderabad,12.88,45.38,11.5,45.99,3.87,11.22,0.05,1.55,30.7,0.0,0.06,0.06,65.0,Satisfactory
574,2016-10-09,Visakhapatnam,43.12,87.66,18.73,42.1,34.46,14.2,0.82,19.9,16.01,6.67,15.84,6.63,97.0,Satisfactory
575,2016-10-10,Visakhapatnam,45.73,92.35,23.78,40.62,38.55,14.28,1.06,22.14,26.02,7.23,14.21,6.92,90.0,Satisfactory
576,2016-10-11,Visakhapatnam,43.88,83.88,22.09,30.35,31.25,15.63,1.15,11.31,28.35,8.11,13.94,11.44,108.0,Moderate
577,2016-10-12,Hyderabad,48.55,108.27,10.24,45.48,9.94,15.37,0.43,19.26,27.61,0.23,3.94,4.6,106.0,Moderate
578,2016-10-13,Hyderabad,50.52,99.86,12.08,63.89,20.04,21.18,0.65,15.29,26.79,0.48,10.12,4.94,104.0,Moderate
579,2016-10-14,Visakhapatnam,89.96,94.0,37.46,88.72,71.16,12.63,1.34,17.6,14.47,9.45,14.82,17.37,110.0,Moderate
580,2016-10-14,Hyderabad,44.48,94.36,10.91,73.13,21.83,31.36,0.62,22.54,33.44,0.53,6.69,1.11,97.0,Satisfactory
581,2016-10-15,Hyderabad,45.06,101.0,8.9,61.79,15.27,27.21,0.59,15.96,38.65,0.22,4.61,0.46,97.0,Satisfactory
582,2016-10-16,Hyderabad,56.83,104.28,15.01,75.39,23.92,31.41,0.79,21.55,33.68,0.33,8.32,2.28,108.0,Moderate
583,2016-10-17,Hyderabad,54.95,94.42,26.16,87.44,31.02,28.7,0.53,23.06,26.69,0.47,9.19,3.78,100.0,Satisfactory
584,2016-10-18,Hyderabad,60.17,94.51,21.31,92.33,29.15,26.25,0.59,27.92,25.99,0.17,3.61,4.51,97.0,Satisfactory
585,2016-10-18,Visakhapatnam,65.83,112.08,18.3,45.39,37.2,16.54,1.1,14.24,47.41,6.12,10.52,7.63,123.0,Moderate
586,2016-10-19,Visakhapatnam,66.14,105.53,10.22,50.18,33.13,16.96,1.04,12.48,42.08,6.08,9.45,8.52,121.0,Moderate
587,2016-10-19,Hyderabad,58.85,101.67,12.43,75.82,22.89,29.97,0.97,29.86,35.87,0.07,1.53,0.66,103.0,Moderate
588,2016-10-20,Hyderabad,61.53,106.2,11.99,77.75,23.4,29.1,0.81,34.73,35.26,0.09,1.88,0.82,104.0,Moderate
589,2016-10-20,Visakhapatnam,64.67,112.79,12.26,56.35,37.63,14.86,1.13,15.17,43.97,8.0,11.6,11.21,116.0,Moderate
590,2016-10-21,Hyderabad,59.04,100.29,12.44,71.09,21.95,39.49,0.51,35.22,35.03,0.13,3.11,0.48,102.0,Moderate
591,2016-10-21,Visakhapatnam,64.92,101.08,18.34,60.75,43.29,14.18,1.23,13.5,33.92,7.63,12.9,12.18,118.0,Moderate
592,2016-10-22,Hyderabad,54.48,108.28,13.08,79.11,24.12,53.38,0.39,29.12,34.31,0.08,1.5,1.12,104.0,Moderate
593,2016-10-22,Visakhapatnam,66.93,100.71,23.2,68.56,51.78,15.93,1.34,18.09,28.29,8.7,14.62,13.5,122.0,Moderate
594,2016-10-23,Visakhapatnam,62.97,103.08,17.85,67.64,46.25,9.58,1.19,26.49,30.0,7.92,13.84,10.53,109.0,Moderate
595,2016-10-24,Hyderabad,58.23,108.26,10.82,66.72,20.79,34.59,0.3,30.29,29.52,0.08,2.06,0.31,107.0,Moderate
596,2016-10-24,Visakhapatnam,63.12,103.67,33.73,83.01,60.72,14.34,1.5,33.28,38.47,9.72,16.83,15.24,126.0,Moderate
597,2016-10-25,Visakhapatnam,60.85,108.64,26.17,62.1,50.81,18.51,1.29,22.65,39.3,7.79,18.4,10.56,142.0,Moderate
598,2016-10-25,Hyderabad,64.18,103.01,11.65,68.11,20.88,30.24,0.38,18.9,27.18,0.06,1.27,1.74,114.0,Moderate
599,2016-10-26,Hyderabad,61.11,105.64,11.8,60.83,19.19,47.92,0.33,32.05,38.81,0.11,1.83,0.73,107.0,Moderate
600,2016-10-26,Visakhapatnam,63.31,96.76,21.42,67.62,48.9,19.04,1.21,15.88,44.27,7.87,15.33,10.78,110.0,Moderate
601,2016-10-27,Visakhapatnam,47.62,101.06,4.61,26.48,17.43,17.51,0.8,12.67,53.25,4.23,5.96,3.57,104.0,Moderate
602,2016-10-27,Hyderabad,64.35,101.48,11.68,50.97,16.75,45.17,0.33,44.21,56.45,0.09,2.43,0.95,117.0,Moderate
603,2016-10-28,Visakhapatnam,44.65,76.94,7.7,32.65,22.73,18.43,1.01,6.99,53.31,4.99,10.19,6.15,147.0,Moderate
604,2016-10-28,Hyderabad,62.16,99.01,9.59,41.2,13.55,39.85,0.38,47.38,70.1,0.07,1.48,0.81,116.0,Moderate
605,2016-10-29,Visakhapatnam,44.44,81.9,4.92,25.0,18.04,14.71,0.86,7.73,26.08,4.04,10.17,4.43,91.0,Satisfactory
606,2016-10-29,Hyderabad,73.11,104.96,10.85,49.76,16.1,42.24,0.5,46.17,56.15,0.07,1.78,1.1,130.0,Moderate
607,2016-10-30,Hyderabad,63.6,97.16,7.96,25.39,9.13,27.36,0.33,19.58,55.87,0.09,1.61,0.62,129.0,Moderate
608,2016-10-30,Visakhapatnam,44.81,74.15,4.97,24.3,15.52,12.08,0.79,14.42,44.42,3.77,5.9,2.84,76.0,Satisfactory
609,2016-10-31,Visakhapatnam,58.43,96.69,4.27,29.01,19.39,11.75,0.97,10.38,52.16,4.74,7.05,4.1,89.0,Satisfactory
610,2016-10-31,Hyderabad,58.15,84.2,8.84,24.36,11.15,26.1,0.54